INSERT INTO Domain (id, name) VALUES (NULL, 'global');
SET @domain_id = LAST_INSERT_ID();
SET @id_prefix = @domain_id * 1000;
INSERT INTO ServerHostGroup (id, domain_id, name) VALUES ((@id_prefix + 1), @domain_id, 'central');
INSERT INTO ServerHost (id, domain_id, hostname, ip_address, server_host_group_id, vars) VALUES (@id_prefix + 1, @domain_id, '192.168.223.145', '192.168.223.145', (@id_prefix + 1), 'ansible_user=root');
INSERT INTO ServerHostGroup (id, domain_id, name) VALUES ((@id_prefix + 2), @domain_id, 'dispatcher');
INSERT INTO ServerHost (id, domain_id, hostname, ip_address, server_host_group_id, vars) VALUES (@id_prefix + 2, @domain_id, '10.243.1.11', '10.243.1.11', (@id_prefix + 2), 'ansible_user=root');
INSERT INTO ServerHost (id, domain_id, hostname, ip_address, server_host_group_id, vars) VALUES (@id_prefix + 3, @domain_id, '10.243.1.12', '10.243.1.12', (@id_prefix + 2), 'ansible_user=root');
INSERT INTO ServerHost (id, domain_id, hostname, ip_address, server_host_group_id, vars) VALUES (@id_prefix + 4, @domain_id, '10.243.1.13', '10.243.1.13', (@id_prefix + 2), 'ansible_user=root');
INSERT INTO ServerHost (id, domain_id, hostname, ip_address, server_host_group_id, vars) VALUES (@id_prefix + 5, @domain_id, '10.243.1.14', '10.243.1.14', (@id_prefix + 2), 'ansible_user=root');
INSERT INTO ServerHost (id, domain_id, hostname, ip_address, server_host_group_id, vars) VALUES (@id_prefix + 6, @domain_id, '10.243.1.15', '10.243.1.15', (@id_prefix + 2), 'ansible_user=root');
INSERT INTO ServerHost (id, domain_id, hostname, ip_address, server_host_group_id, vars) VALUES (@id_prefix + 7, @domain_id, '10.243.1.16', '10.243.1.16', (@id_prefix + 2), 'ansible_user=root');
INSERT INTO ServerHost (id, domain_id, hostname, ip_address, server_host_group_id, vars) VALUES (@id_prefix + 8, @domain_id, '10.243.1.17', '10.243.1.17', (@id_prefix + 2), 'ansible_user=root');
INSERT INTO ServerHost (id, domain_id, hostname, ip_address, server_host_group_id, vars) VALUES (@id_prefix + 9, @domain_id, '10.243.1.23', '10.243.1.23', (@id_prefix + 2), 'ansible_user=root');
INSERT INTO ServerHost (id, domain_id, hostname, ip_address, server_host_group_id, vars) VALUES (@id_prefix + 10, @domain_id, '10.243.1.19', '10.243.1.19', (@id_prefix + 2), 'ansible_user=root');
INSERT INTO ServerHost (id, domain_id, hostname, ip_address, server_host_group_id, vars) VALUES (@id_prefix + 11, @domain_id, '10.243.1.20', '10.243.1.20', (@id_prefix + 2), 'ansible_user=root');
INSERT INTO ServerHost (id, domain_id, hostname, ip_address, server_host_group_id, vars) VALUES (@id_prefix + 12, @domain_id, '10.243.1.21', '10.243.1.21', (@id_prefix + 2), 'ansible_user=root');
INSERT INTO ServerHost (id, domain_id, hostname, ip_address, server_host_group_id, vars) VALUES (@id_prefix + 13, @domain_id, '10.243.1.24', '10.243.1.24', (@id_prefix + 2), 'ansible_user=root');
INSERT INTO ServerHostGroup (id, domain_id, name) VALUES ((@id_prefix + 3), @domain_id, 'dispatcheradmin');
INSERT INTO ServerHost (id, domain_id, hostname, ip_address, server_host_group_id, vars) VALUES (@id_prefix + 14, @domain_id, '10.243.1.22', '10.243.1.22', (@id_prefix + 3), 'ansible_user=root');
INSERT INTO ServerHostGroup (id, domain_id, name) VALUES ((@id_prefix + 4), @domain_id, 'portal');
INSERT INTO ServerHost (id, domain_id, hostname, ip_address, server_host_group_id, vars) VALUES (@id_prefix + 15, @domain_id, '10.243.1.33', '10.243.1.33', (@id_prefix + 4), 'ansible_user=root');
INSERT INTO ServerHostGroup (id, domain_id, name) VALUES ((@id_prefix + 5), @domain_id, 'analysisportal');
INSERT INTO ServerHost (id, domain_id, hostname, ip_address, server_host_group_id, vars) VALUES (@id_prefix + 16, @domain_id, '0.0.0.0', '0.0.0.0', (@id_prefix + 5), 'ansible_user=root');
INSERT INTO ServerHostGroup (id, domain_id, name) VALUES ((@id_prefix + 6), @domain_id, 'portalremoteproxy');
INSERT INTO ServerHost (id, domain_id, hostname, ip_address, server_host_group_id, vars) VALUES (@id_prefix + 17, @domain_id, '10.243.1.32', '10.243.1.32', (@id_prefix + 6), 'ansible_user=root');
INSERT INTO ServerHostGroup (id, domain_id, name) VALUES ((@id_prefix + 7), @domain_id, 'backup');
INSERT INTO ServerHost (id, domain_id, hostname, ip_address, server_host_group_id, vars) VALUES (@id_prefix + 18, @domain_id, '192.168.223.50', '192.168.223.50', (@id_prefix + 7), 'ansible_user=root');
INSERT INTO ServerHost (id, domain_id, hostname, ip_address, server_host_group_id, vars) VALUES (@id_prefix + 19, @domain_id, '192.168.223.51', '192.168.223.51', (@id_prefix + 7), 'ansible_user=root');
INSERT INTO ServerHost (id, domain_id, hostname, ip_address, server_host_group_id, vars) VALUES (@id_prefix + 20, @domain_id, '192.168.223.52', '192.168.223.52', (@id_prefix + 7), 'ansible_user=root');
INSERT INTO ServerHost (id, domain_id, hostname, ip_address, server_host_group_id, vars) VALUES (@id_prefix + 21, @domain_id, '192.168.223.53', '192.168.223.53', (@id_prefix + 7), 'ansible_user=root');
INSERT INTO ServerHost (id, domain_id, hostname, ip_address, server_host_group_id, vars) VALUES (@id_prefix + 22, @domain_id, '192.168.223.27', '192.168.223.27', (@id_prefix + 7), 'ansible_user=root');
INSERT INTO ServerHost (id, domain_id, hostname, ip_address, server_host_group_id, vars) VALUES (@id_prefix + 23, @domain_id, '192.168.223.70', '192.168.223.70', (@id_prefix + 7), 'ansible_user=root');
INSERT INTO ServerHostGroup (id, domain_id, name) VALUES ((@id_prefix + 8), @domain_id, 'metaDB');
INSERT INTO ServerHost (id, domain_id, hostname, ip_address, server_host_group_id, vars) VALUES (@id_prefix + 24, @domain_id, '10.243.0.37', '10.243.0.37', (@id_prefix + 8), 'ansible_user=root');
INSERT INTO ServerHostGroup (id, domain_id, name) VALUES ((@id_prefix + 9), @domain_id, 'metaDBSlave');
INSERT INTO ServerHost (id, domain_id, hostname, ip_address, server_host_group_id, vars) VALUES (@id_prefix + 25, @domain_id, '10.243.0.137', '10.243.0.137', (@id_prefix + 9), 'ansible_user=root');
INSERT INTO ServerHostGroup (id, domain_id, name) VALUES ((@id_prefix + 10), @domain_id, 'slaveMetaDB');
INSERT INTO ServerHost (id, domain_id, hostname, ip_address, server_host_group_id, vars) VALUES (@id_prefix + 26, @domain_id, '10.243.0.137', '10.243.0.137', (@id_prefix + 10), 'ansible_user=root');
INSERT INTO ServerHostGroup (id, domain_id, name) VALUES ((@id_prefix + 11), @domain_id, 'signatureDB');
INSERT INTO ServerHost (id, domain_id, hostname, ip_address, server_host_group_id, vars) VALUES (@id_prefix + 27, @domain_id, '10.243.0.98', '10.243.0.98', (@id_prefix + 11), 'ansible_user=root');
INSERT INTO ServerHostGroup (id, domain_id, name) VALUES ((@id_prefix + 12), @domain_id, 'hostnameDB');
INSERT INTO ServerHost (id, domain_id, hostname, ip_address, server_host_group_id, vars) VALUES (@id_prefix + 28, @domain_id, '192.168.223.48', '192.168.223.48', (@id_prefix + 12), 'ansible_user=root');
INSERT INTO ServerHost (id, domain_id, hostname, ip_address, server_host_group_id, vars) VALUES (@id_prefix + 29, @domain_id, '192.168.223.134', '192.168.223.134', (@id_prefix + 12), 'ansible_user=root');
INSERT INTO ServerHostGroup (id, domain_id, name) VALUES ((@id_prefix + 13), @domain_id, 'loginMgr');
INSERT INTO ServerHost (id, domain_id, hostname, ip_address, server_host_group_id, vars) VALUES (@id_prefix + 30, @domain_id, '10.243.1.30', '10.243.1.30', (@id_prefix + 13), 'ansible_user=root');
INSERT INTO ServerHostGroup (id, domain_id, name) VALUES ((@id_prefix + 14), @domain_id, 'controller');
INSERT INTO ServerHost (id, domain_id, hostname, ip_address, server_host_group_id, vars) VALUES (@id_prefix + 31, @domain_id, '10.243.0.142', '10.243.0.142', (@id_prefix + 14), 'ansible_user=root');
INSERT INTO ServerHostGroup (id, domain_id, name) VALUES ((@id_prefix + 15), @domain_id, 'controlleradmin');
INSERT INTO ServerHost (id, domain_id, hostname, ip_address, server_host_group_id, vars) VALUES (@id_prefix + 32, @domain_id, '10.243.1.42', '10.243.1.42', (@id_prefix + 15), 'ansible_user=root');
INSERT INTO ServerHostGroup (id, domain_id, name) VALUES ((@id_prefix + 16), @domain_id, 'cliengine');
INSERT INTO ServerHost (id, domain_id, hostname, ip_address, server_host_group_id, vars) VALUES (@id_prefix + 33, @domain_id, '10.243.0.34', '10.243.0.34', (@id_prefix + 16), 'ansible_user=root');
INSERT INTO ServerHostGroup (id, domain_id, name) VALUES ((@id_prefix + 17), @domain_id, 'mgrsrv');
INSERT INTO ServerHost (id, domain_id, hostname, ip_address, server_host_group_id, vars) VALUES (@id_prefix + 34, @domain_id, '10.243.1.80', '10.243.1.80', (@id_prefix + 17), 'ansible_user=root cloudaccessIP=10.243.1.80 cfgTunnelDBIP=10.243.1.80 selfHostName=demo.fortigate.forticloud.com paidportal_base_domain=ui.demo.fortigate.forticloud.com monitorAccountEmail=fcld.qa.production+19@gmail.com isPremiumPortal=false premium_inventory_hostname=''''');
INSERT INTO ServerHost (id, domain_id, hostname, ip_address, server_host_group_id, vars) VALUES (@id_prefix + 35, @domain_id, '10.243.1.81', '10.243.1.81', (@id_prefix + 17), 'ansible_user=root cloudaccessIP=10.243.1.81 cfgTunnelDBIP=10.243.1.81 selfHostName=g81.fortigate.forticloud.com paidportal_base_domain=ui.g81.fortigate.forticloud.com monitorAccountEmail=fcld.qa.production+g81@gmail.com isPremiumPortal=false premium_inventory_hostname=''''');
INSERT INTO ServerHost (id, domain_id, hostname, ip_address, server_host_group_id, vars) VALUES (@id_prefix + 36, @domain_id, '10.243.1.82', '10.243.1.82', (@id_prefix + 17), 'ansible_user=root cloudaccessIP=10.243.1.82 cfgTunnelDBIP=10.243.1.82 selfHostName=g82.fortigate.forticloud.com paidportal_base_domain=ui.g82.fortigate.forticloud.com monitorAccountEmail=fcld.qa.production+g82@gmail.com isPremiumPortal=false premium_inventory_hostname=''''');
INSERT INTO ServerHost (id, domain_id, hostname, ip_address, server_host_group_id, vars) VALUES (@id_prefix + 37, @domain_id, '10.243.1.83', '10.243.1.83', (@id_prefix + 17), 'ansible_user=root cloudaccessIP=10.243.1.83 cfgTunnelDBIP=10.243.1.83 selfHostName=g83.fortigate.forticloud.com paidportal_base_domain=ui.g83.fortigate.forticloud.com monitorAccountEmail=fcld.qa.production+g83@gmail.com isPremiumPortal=false premium_inventory_hostname=''''');
INSERT INTO ServerHost (id, domain_id, hostname, ip_address, server_host_group_id, vars) VALUES (@id_prefix + 38, @domain_id, '10.243.1.84', '10.243.1.84', (@id_prefix + 17), 'ansible_user=root cloudaccessIP=10.243.1.84 cfgTunnelDBIP=10.243.1.84 selfHostName=g84.fortigate.forticloud.com paidportal_base_domain=ui.g84.fortigate.forticloud.com monitorAccountEmail=fcld.qa.production+g84@gmail.com isPremiumPortal=false premium_inventory_hostname=''''');
INSERT INTO ServerHost (id, domain_id, hostname, ip_address, server_host_group_id, vars) VALUES (@id_prefix + 39, @domain_id, '10.243.1.85', '10.243.1.85', (@id_prefix + 17), 'ansible_user=root cloudaccessIP=10.243.1.85 cfgTunnelDBIP=10.243.1.85 selfHostName=g85.fortigate.forticloud.com paidportal_base_domain=ui.g85.fortigate.forticloud.com monitorAccountEmail=fcld.qa.production+g85@gmail.com isPremiumPortal=false premium_inventory_hostname=''''');
INSERT INTO ServerHost (id, domain_id, hostname, ip_address, server_host_group_id, vars) VALUES (@id_prefix + 40, @domain_id, '10.243.1.86', '10.243.1.86', (@id_prefix + 17), 'ansible_user=root cloudaccessIP=10.243.1.86 cfgTunnelDBIP=10.243.1.86 selfHostName=g86.fortigate.forticloud.com paidportal_base_domain=ui.g86.fortigate.forticloud.com monitorAccountEmail=fcld.qa.production+g86@gmail.com isPremiumPortal=false premium_inventory_hostname=''''');
INSERT INTO ServerHost (id, domain_id, hostname, ip_address, server_host_group_id, vars) VALUES (@id_prefix + 41, @domain_id, '10.243.1.87', '10.243.1.87', (@id_prefix + 17), 'ansible_user=root cloudaccessIP=10.243.1.87 cfgTunnelDBIP=10.243.1.87 selfHostName=g87.fortigate.forticloud.com paidportal_base_domain=ui.g87.fortigate.forticloud.com monitorAccountEmail=fcld.qa.production+g87@gmail.com isPremiumPortal=false premium_inventory_hostname=''''');
INSERT INTO ServerHost (id, domain_id, hostname, ip_address, server_host_group_id, vars) VALUES (@id_prefix + 42, @domain_id, '10.243.1.88', '10.243.1.88', (@id_prefix + 17), 'ansible_user=root cloudaccessIP=10.243.1.88 cfgTunnelDBIP=10.243.1.88 selfHostName=g88.fortigate.forticloud.com paidportal_base_domain=ui.g88.fortigate.forticloud.com monitorAccountEmail=fcld.qa.production+g88@gmail.com isPremiumPortal=false premium_inventory_hostname=''''');
INSERT INTO ServerHost (id, domain_id, hostname, ip_address, server_host_group_id, vars) VALUES (@id_prefix + 43, @domain_id, '10.243.1.89', '10.243.1.89', (@id_prefix + 17), 'ansible_user=root cloudaccessIP=10.243.1.89 cfgTunnelDBIP=10.243.1.89 selfHostName=g89.fortigate.forticloud.com paidportal_base_domain=ui.g89.fortigate.forticloud.com monitorAccountEmail=fcld.qa.production+g89@gmail.com isPremiumPortal=false premium_inventory_hostname=''''');
INSERT INTO ServerHost (id, domain_id, hostname, ip_address, server_host_group_id, vars) VALUES (@id_prefix + 44, @domain_id, '10.243.1.90', '10.243.1.90', (@id_prefix + 17), 'ansible_user=root cloudaccessIP=10.243.1.90 cfgTunnelDBIP=10.243.1.90 selfHostName=g90.fortigate.forticloud.com paidportal_base_domain=ui.g90.fortigate.forticloud.com monitorAccountEmail=fcld.qa.production+g90@gmail.com isPremiumPortal=false premium_inventory_hostname=''''');
INSERT INTO ServerHost (id, domain_id, hostname, ip_address, server_host_group_id, vars) VALUES (@id_prefix + 45, @domain_id, '10.243.1.91', '10.243.1.91', (@id_prefix + 17), 'ansible_user=root cloudaccessIP=10.243.1.91 cfgTunnelDBIP=10.243.1.91 selfHostName=g91.fortigate.forticloud.com paidportal_base_domain=ui.g91.fortigate.forticloud.com monitorAccountEmail=fcld.qa.production+g91@gmail.com isPremiumPortal=false premium_inventory_hostname=''''');
INSERT INTO ServerHost (id, domain_id, hostname, ip_address, server_host_group_id, vars) VALUES (@id_prefix + 46, @domain_id, '10.243.1.92', '10.243.1.92', (@id_prefix + 17), 'ansible_user=root cloudaccessIP=10.243.1.92 cfgTunnelDBIP=10.243.1.92 selfHostName=g92.fortigate.forticloud.com paidportal_base_domain=ui.g92.fortigate.forticloud.com monitorAccountEmail=fcld.qa.production+g92@gmail.com isPremiumPortal=false premium_inventory_hostname=''''');
INSERT INTO ServerHost (id, domain_id, hostname, ip_address, server_host_group_id, vars) VALUES (@id_prefix + 47, @domain_id, '10.243.1.93', '10.243.1.93', (@id_prefix + 17), 'ansible_user=root cloudaccessIP=10.243.1.93 cfgTunnelDBIP=10.243.1.93 selfHostName=g93.fortigate.forticloud.com paidportal_base_domain=ui.g93.fortigate.forticloud.com monitorAccountEmail=fcld.qa.production+g93@gmail.com isPremiumPortal=false premium_inventory_hostname=''''');
INSERT INTO ServerHost (id, domain_id, hostname, ip_address, server_host_group_id, vars) VALUES (@id_prefix + 48, @domain_id, '10.243.1.94', '10.243.1.94', (@id_prefix + 17), 'ansible_user=root cloudaccessIP=10.243.1.94 cfgTunnelDBIP=10.243.1.94 selfHostName=g94.fortigate.forticloud.com paidportal_base_domain=ui.g94.fortigate.forticloud.com monitorAccountEmail=fcld.qa.production+g94@gmail.com isPremiumPortal=false premium_inventory_hostname=''''');
INSERT INTO ServerHost (id, domain_id, hostname, ip_address, server_host_group_id, vars) VALUES (@id_prefix + 49, @domain_id, '10.243.1.95', '10.243.1.95', (@id_prefix + 17), 'ansible_user=root cloudaccessIP=10.243.1.95 cfgTunnelDBIP=10.243.1.95 selfHostName=g95.fortigate.forticloud.com paidportal_base_domain=ui.g95.fortigate.forticloud.com monitorAccountEmail=fcld.qa.production+g95@gmail.com isPremiumPortal=false premium_inventory_hostname=''''');
INSERT INTO ServerHost (id, domain_id, hostname, ip_address, server_host_group_id, vars) VALUES (@id_prefix + 50, @domain_id, '10.243.1.96', '10.243.1.96', (@id_prefix + 17), 'ansible_user=root cloudaccessIP=10.243.1.96 cfgTunnelDBIP=10.243.1.96 selfHostName=g96.fortigate.forticloud.com paidportal_base_domain=ui.g96.fortigate.forticloud.com monitorAccountEmail=fcld.qa.production+g96@gmail.com isPremiumPortal=false premium_inventory_hostname=''''');
INSERT INTO ServerHost (id, domain_id, hostname, ip_address, server_host_group_id, vars) VALUES (@id_prefix + 51, @domain_id, '10.243.1.97', '10.243.1.97', (@id_prefix + 17), 'ansible_user=root cloudaccessIP=10.243.1.97 cfgTunnelDBIP=10.243.1.97 selfHostName=g97.fortigate.forticloud.com paidportal_base_domain=ui.g97.fortigate.forticloud.com monitorAccountEmail=fcld.qa.production+g97@gmail.com isPremiumPortal=false premium_inventory_hostname=''''');
INSERT INTO ServerHost (id, domain_id, hostname, ip_address, server_host_group_id, vars) VALUES (@id_prefix + 52, @domain_id, '10.243.1.98', '10.243.1.98', (@id_prefix + 17), 'ansible_user=root cloudaccessIP=10.243.1.98 cfgTunnelDBIP=10.243.1.98 selfHostName=g98.fortigate.forticloud.com paidportal_base_domain=ui.g98.fortigate.forticloud.com monitorAccountEmail=fcld.qa.production+g98@gmail.com isPremiumPortal=false premium_inventory_hostname=''''');
INSERT INTO ServerHost (id, domain_id, hostname, ip_address, server_host_group_id, vars) VALUES (@id_prefix + 53, @domain_id, '10.243.1.99', '10.243.1.99', (@id_prefix + 17), 'ansible_user=root cloudaccessIP=10.243.1.99 cfgTunnelDBIP=10.243.1.99 selfHostName=g99.fortigate.forticloud.com paidportal_base_domain=ui.g99.fortigate.forticloud.com monitorAccountEmail=fcld.qa.production+g99@gmail.com isPremiumPortal=false premium_inventory_hostname=''''');
INSERT INTO ServerHost (id, domain_id, hostname, ip_address, server_host_group_id, vars) VALUES (@id_prefix + 54, @domain_id, '10.243.1.100', '10.243.1.100', (@id_prefix + 17), 'ansible_user=root cloudaccessIP=10.243.1.100 cfgTunnelDBIP=10.243.1.100 selfHostName=g100.fortigate.forticloud.com paidportal_base_domain=ui.g100.fortigate.forticloud.com monitorAccountEmail=fcld.qa.production+g100@gmail.com isPremiumPortal=false premium_inventory_hostname=''''');
INSERT INTO ServerHost (id, domain_id, hostname, ip_address, server_host_group_id, vars) VALUES (@id_prefix + 55, @domain_id, '10.243.1.101', '10.243.1.101', (@id_prefix + 17), 'ansible_user=root cloudaccessIP=10.243.1.101 cfgTunnelDBIP=10.243.1.101 selfHostName=g101.fortigate.forticloud.com paidportal_base_domain=ui.g101.fortigate.forticloud.com monitorAccountEmail=fcld.qa.production+g101@gmail.com isPremiumPortal=false premium_inventory_hostname=''''');
INSERT INTO ServerHostGroup (id, domain_id, name) VALUES ((@id_prefix + 18), @domain_id, 'vipportal');
INSERT INTO ServerHost (id, domain_id, hostname, ip_address, server_host_group_id, vars) VALUES (@id_prefix + 56, @domain_id, '10.243.1.35', '10.243.1.35', (@id_prefix + 18), 'ansible_user=root selfHostName=premium.fortigate.forticloud.com paidportal_base_domain=ui.premium.fortigate.forticloud.com monitorAccountEmail='''' isPremiumPortal=true premium_inventory_hostname=''premium_10.243.1.35''');
INSERT INTO ServerHostGroup (id, domain_id, name) VALUES ((@id_prefix + 19), @domain_id, 'emailserver');
INSERT INTO ServerHost (id, domain_id, hostname, ip_address, server_host_group_id, vars) VALUES (@id_prefix + 57, @domain_id, '10.243.0.20', '10.243.0.20', (@id_prefix + 19), 'ansible_user=root');
INSERT INTO ServerHostGroup (id, domain_id, name) VALUES ((@id_prefix + 20), @domain_id, 'kmsserver');
INSERT INTO ServerHost (id, domain_id, hostname, ip_address, server_host_group_id, vars) VALUES (@id_prefix + 58, @domain_id, '192.168.223.36', '192.168.223.36', (@id_prefix + 20), 'ansible_user=root selfHostName=192.168.223.36 isMaster=true');
INSERT INTO ServerHost (id, domain_id, hostname, ip_address, server_host_group_id, vars) VALUES (@id_prefix + 59, @domain_id, '192.168.223.38', '192.168.223.38', (@id_prefix + 20), 'ansible_user=root selfHostName=192.168.223.38 isMaster=false');
INSERT INTO ServerHostGroup (id, domain_id, name) VALUES ((@id_prefix + 21), @domain_id, 'altsrv');
INSERT INTO ServerHost (id, domain_id, hostname, ip_address, server_host_group_id, vars) VALUES (@id_prefix + 60, @domain_id, '10.243.1.61', '10.243.1.61', (@id_prefix + 21), 'ansible_user=root');
INSERT INTO ServerHost (id, domain_id, hostname, ip_address, server_host_group_id, vars) VALUES (@id_prefix + 61, @domain_id, '10.243.1.62', '10.243.1.62', (@id_prefix + 21), 'ansible_user=root');
INSERT INTO ServerHost (id, domain_id, hostname, ip_address, server_host_group_id, vars) VALUES (@id_prefix + 62, @domain_id, '10.243.1.63', '10.243.1.63', (@id_prefix + 21), 'ansible_user=root');
INSERT INTO ServerHost (id, domain_id, hostname, ip_address, server_host_group_id, vars) VALUES (@id_prefix + 63, @domain_id, '10.243.1.64', '10.243.1.64', (@id_prefix + 21), 'ansible_user=root');
INSERT INTO ServerHost (id, domain_id, hostname, ip_address, server_host_group_id, vars) VALUES (@id_prefix + 64, @domain_id, '10.243.1.65', '10.243.1.65', (@id_prefix + 21), 'ansible_user=root');
INSERT INTO ServerHost (id, domain_id, hostname, ip_address, server_host_group_id, vars) VALUES (@id_prefix + 65, @domain_id, '10.243.1.66', '10.243.1.66', (@id_prefix + 21), 'ansible_user=root');
INSERT INTO ServerHost (id, domain_id, hostname, ip_address, server_host_group_id, vars) VALUES (@id_prefix + 66, @domain_id, '10.243.1.67', '10.243.1.67', (@id_prefix + 21), 'ansible_user=root');
INSERT INTO ServerHost (id, domain_id, hostname, ip_address, server_host_group_id, vars) VALUES (@id_prefix + 67, @domain_id, '10.243.1.68', '10.243.1.68', (@id_prefix + 21), 'ansible_user=root');
INSERT INTO ServerHost (id, domain_id, hostname, ip_address, server_host_group_id, vars) VALUES (@id_prefix + 68, @domain_id, '10.243.1.69', '10.243.1.69', (@id_prefix + 21), 'ansible_user=root');
INSERT INTO ServerHost (id, domain_id, hostname, ip_address, server_host_group_id, vars) VALUES (@id_prefix + 69, @domain_id, '10.243.1.70', '10.243.1.70', (@id_prefix + 21), 'ansible_user=root');
INSERT INTO ServerHost (id, domain_id, hostname, ip_address, server_host_group_id, vars) VALUES (@id_prefix + 70, @domain_id, '10.243.1.71', '10.243.1.71', (@id_prefix + 21), 'ansible_user=root');
INSERT INTO ServerHost (id, domain_id, hostname, ip_address, server_host_group_id, vars) VALUES (@id_prefix + 71, @domain_id, '10.243.1.72', '10.243.1.72', (@id_prefix + 21), 'ansible_user=root');
INSERT INTO ServerHost (id, domain_id, hostname, ip_address, server_host_group_id, vars) VALUES (@id_prefix + 72, @domain_id, '10.243.1.73', '10.243.1.73', (@id_prefix + 21), 'ansible_user=root');
INSERT INTO ServerHost (id, domain_id, hostname, ip_address, server_host_group_id, vars) VALUES (@id_prefix + 73, @domain_id, '10.243.1.74', '10.243.1.74', (@id_prefix + 21), 'ansible_user=root');
INSERT INTO ServerHost (id, domain_id, hostname, ip_address, server_host_group_id, vars) VALUES (@id_prefix + 74, @domain_id, '10.243.1.75', '10.243.1.75', (@id_prefix + 21), 'ansible_user=root');
INSERT INTO ServerHost (id, domain_id, hostname, ip_address, server_host_group_id, vars) VALUES (@id_prefix + 75, @domain_id, '10.243.1.76', '10.243.1.76', (@id_prefix + 21), 'ansible_user=root');
INSERT INTO ServerHostGroup (id, domain_id, name) VALUES ((@id_prefix + 22), @domain_id, 'fmlogsrv');
INSERT INTO ServerHostGroup (id, domain_id, name) VALUES ((@id_prefix + 23), @domain_id, 'logsrv1');
INSERT INTO ServerHost (id, domain_id, hostname, ip_address, server_host_group_id, vars) VALUES (@id_prefix + 76, @domain_id, '192.168.223.49', '192.168.223.49', (@id_prefix + 23), 'ansible_user=root logRolloutRate=a2:b2:c1:d2:e2:f2:g2:h2:i2:j2:k2:l2:m2:n2:o2:p2:q2:r8:s2:t40:v2:w8:x2:y2');
INSERT INTO ServerHost (id, domain_id, hostname, ip_address, server_host_group_id, vars) VALUES (@id_prefix + 77, @domain_id, '192.168.223.59', '192.168.223.59', (@id_prefix + 23), 'ansible_user=root logRolloutRate=a2:b2:c1:d2:e2:f2:g2:h2:i2:j2:k2:l2:m2:n2:o2:p2:q2:r8:s2:t8:v2:w8:x2:y2');
INSERT INTO ServerHost (id, domain_id, hostname, ip_address, server_host_group_id, vars) VALUES (@id_prefix + 78, @domain_id, '192.168.223.69', '192.168.223.69', (@id_prefix + 23), 'ansible_user=root logRolloutRate=a2:b2:c1:d2:e2:f2:g2:h2:i2:j2:k2:l2:m2:n2:o2:p2:q2:r8:s2:t8:v2:w8:x2:y2');
INSERT INTO ServerHost (id, domain_id, hostname, ip_address, server_host_group_id, vars) VALUES (@id_prefix + 79, @domain_id, '192.168.223.79', '192.168.223.79', (@id_prefix + 23), 'ansible_user=root logRolloutRate=a2:b2:c1:d2:e2:f2:g2:h2:i2:j2:k2:l2:m2:n2:o2:p2:q2:r8:s2:t8:v2:w8:x2:y2');
INSERT INTO ServerHost (id, domain_id, hostname, ip_address, server_host_group_id, vars) VALUES (@id_prefix + 80, @domain_id, '192.168.223.89', '192.168.223.89', (@id_prefix + 23), 'ansible_user=root logRolloutRate=a2:b2:c1:d2:e2:f2:g2:h2:i2:j2:k2:l2:m2:n2:o2:p2:q2:r8:s2:t40:v2:w8:x2:y2');
INSERT INTO ServerHost (id, domain_id, hostname, ip_address, server_host_group_id, vars) VALUES (@id_prefix + 81, @domain_id, '192.168.223.99', '192.168.223.99', (@id_prefix + 23), 'ansible_user=root logRolloutRate=a2:b2:c1:d2:e2:f2:g2:h2:i2:j2:k2:l2:m2:n2:o2:p2:q2:r8:s2:t8:v2:w8:x2:y2');
INSERT INTO ServerHostGroup (id, domain_id, name) VALUES ((@id_prefix + 24), @domain_id, 'logsrv2');
INSERT INTO ServerHost (id, domain_id, hostname, ip_address, server_host_group_id, vars) VALUES (@id_prefix + 82, @domain_id, '192.168.223.39', '192.168.223.39', (@id_prefix + 24), 'ansible_user=root logRolloutRate=a2:b2:c1:d2:e2:f2:g2:h2:i2:j2:k2:l2:m2:n2:o2:p2:q2:r8:s2:t8:v2:w8:x2:y2');
INSERT INTO ServerHost (id, domain_id, hostname, ip_address, server_host_group_id, vars) VALUES (@id_prefix + 83, @domain_id, '192.168.223.177', '192.168.223.177', (@id_prefix + 24), 'ansible_user=root logRolloutRate=a2:b2:c1:d2:e2:f2:g2:h2:i2:j2:k2:l2:m2:n2:o2:p2:q2:r8:s2:t8:v2:w8:x2:y2');
INSERT INTO ServerHost (id, domain_id, hostname, ip_address, server_host_group_id, vars) VALUES (@id_prefix + 84, @domain_id, '192.168.223.183', '192.168.223.183', (@id_prefix + 24), 'ansible_user=root logRolloutRate=a2:b2:c1:d2:e2:f2:g2:h2:i2:j2:k2:l2:m2:n2:o2:p2:q2:r8:s2:t8:v2:w8:x2:y2');
INSERT INTO ServerHost (id, domain_id, hostname, ip_address, server_host_group_id, vars) VALUES (@id_prefix + 85, @domain_id, '192.168.223.159', '192.168.223.159', (@id_prefix + 24), 'ansible_user=root logRolloutRate=a2:b2:c1:d2:e2:f2:g2:h2:i2:j2:k2:l2:m2:n2:o2:p2:q2:r8:s2:t8:v2:w8:x2:y2');
INSERT INTO ServerHost (id, domain_id, hostname, ip_address, server_host_group_id, vars) VALUES (@id_prefix + 86, @domain_id, '192.168.223.129', '192.168.223.129', (@id_prefix + 24), 'ansible_user=root logRolloutRate=a2:b2:c1:d2:e2:f2:g2:h2:i2:j2:k2:l2:m2:n2:o2:p2:q2:r8:s2:t8:v2:w8:x2:y2');
INSERT INTO ServerHost (id, domain_id, hostname, ip_address, server_host_group_id, vars) VALUES (@id_prefix + 87, @domain_id, '192.168.223.199', '192.168.223.199', (@id_prefix + 24), 'ansible_user=root logRolloutRate=a2:b2:c1:d2:e2:f2:g2:h2:i2:j2:k2:l2:m2:n2:o2:p2:q2:r8:s2:t40:v2:w8:x2:y2');
INSERT INTO ServerHost (id, domain_id, hostname, ip_address, server_host_group_id, vars) VALUES (@id_prefix + 88, @domain_id, '192.168.223.178', '192.168.223.178', (@id_prefix + 24), 'ansible_user=root logRolloutRate=a2:b2:c1:d2:e2:f2:g2:h2:i2:j2:k2:l2:m2:n2:o2:p2:q2:r8:s2:t8:v2:w8:x2:y2');
INSERT INTO ServerHostGroup (id, domain_id, name) VALUES ((@id_prefix + 25), @domain_id, 'logsrv3');
INSERT INTO ServerHost (id, domain_id, hostname, ip_address, server_host_group_id, vars) VALUES (@id_prefix + 89, @domain_id, '192.168.223.109', '192.168.223.109', (@id_prefix + 25), 'ansible_user=root logRolloutRate=a2:b2:c1:d2:e2:f2:g2:h2:i2:j2:k2:l2:m2:n2:o2:p2:q2:r8:s2:t8:v2:w8:x2:y2');
INSERT INTO ServerHost (id, domain_id, hostname, ip_address, server_host_group_id, vars) VALUES (@id_prefix + 90, @domain_id, '192.168.223.176', '192.168.223.176', (@id_prefix + 25), 'ansible_user=root logRolloutRate=a2:b2:c1:d2:e2:f2:g2:h2:i2:j2:k2:l2:m2:n2:o2:p2:q2:r8:s2:t40:v2:w8:x2:y2');
INSERT INTO ServerHost (id, domain_id, hostname, ip_address, server_host_group_id, vars) VALUES (@id_prefix + 91, @domain_id, '192.168.223.184', '192.168.223.184', (@id_prefix + 25), 'ansible_user=root logRolloutRate=a2:b2:c1:d2:e2:f2:g2:h2:i2:j2:k2:l2:m2:n2:o2:p2:q2:r8:s2:t8:v2:w8:x2:y2');
INSERT INTO ServerHost (id, domain_id, hostname, ip_address, server_host_group_id, vars) VALUES (@id_prefix + 92, @domain_id, '192.168.223.161', '192.168.223.161', (@id_prefix + 25), 'ansible_user=root logRolloutRate=a2:b2:c1:d2:e2:f2:g2:h2:i2:j2:k2:l2:m2:n2:o2:p2:q2:r8:s2:t8:v2:w8:x2:y2');
INSERT INTO ServerHost (id, domain_id, hostname, ip_address, server_host_group_id, vars) VALUES (@id_prefix + 93, @domain_id, '192.168.223.194', '192.168.223.194', (@id_prefix + 25), 'ansible_user=root logRolloutRate=a2:b2:c1:d2:e2:f2:g2:h2:i2:j2:k2:l2:m2:n2:o2:p2:q2:r8:s2:t8:v2:w8:x2:y2');
INSERT INTO ServerHost (id, domain_id, hostname, ip_address, server_host_group_id, vars) VALUES (@id_prefix + 94, @domain_id, '192.168.223.198', '192.168.223.198', (@id_prefix + 25), 'ansible_user=root logRolloutRate=a2:b2:c1:d2:e2:f2:g2:h2:i2:j2:k2:l2:m2:n2:o2:p2:q2:r8:s2:t40:v2:w8:x2:y2');
INSERT INTO ServerHost (id, domain_id, hostname, ip_address, server_host_group_id, vars) VALUES (@id_prefix + 95, @domain_id, '192.168.223.185', '192.168.223.185', (@id_prefix + 25), 'ansible_user=root logRolloutRate=a2:b2:c1:d2:e2:f2:g2:h2:i2:j2:k2:l2:m2:n2:o2:p2:q2:r8:s2:t8:v2:w8:x2:y2');
INSERT INTO ServerHostGroup (id, domain_id, name) VALUES ((@id_prefix + 26), @domain_id, 'logsrv4');
INSERT INTO ServerHost (id, domain_id, hostname, ip_address, server_host_group_id, vars) VALUES (@id_prefix + 96, @domain_id, '192.168.223.173', '192.168.223.173', (@id_prefix + 26), 'ansible_user=root logRolloutRate=a2:b2:c1:d2:e2:f2:g2:h2:i2:j2:k2:l2:m2:n2:o2:p2:q2:r8:s2:t8:v2:w8:x2:y2');
INSERT INTO ServerHost (id, domain_id, hostname, ip_address, server_host_group_id, vars) VALUES (@id_prefix + 97, @domain_id, '192.168.223.191', '192.168.223.191', (@id_prefix + 26), 'ansible_user=root logRolloutRate=a2:b2:c1:d2:e2:f2:g2:h2:i2:j2:k2:l2:m2:n2:o2:p2:q2:r8:s2:t8:v2:w8:x2:y2');
INSERT INTO ServerHost (id, domain_id, hostname, ip_address, server_host_group_id, vars) VALUES (@id_prefix + 98, @domain_id, '192.168.223.139', '192.168.223.139', (@id_prefix + 26), 'ansible_user=root logRolloutRate=a2:b2:c1:d2:e2:f2:g2:h2:i2:j2:k2:l2:m2:n2:o2:p2:q2:r8:s2:t8:v2:w8:x2:y2');
INSERT INTO ServerHost (id, domain_id, hostname, ip_address, server_host_group_id, vars) VALUES (@id_prefix + 99, @domain_id, '192.168.223.169', '192.168.223.169', (@id_prefix + 26), 'ansible_user=root logRolloutRate=a2:b2:c1:d2:e2:f2:g2:h2:i2:j2:k2:l2:m2:n2:o2:p2:q2:r8:s2:t8:v2:w8:x2:y2');
INSERT INTO ServerHost (id, domain_id, hostname, ip_address, server_host_group_id, vars) VALUES (@id_prefix + 100, @domain_id, '192.168.223.197', '192.168.223.197', (@id_prefix + 26), 'ansible_user=root logRolloutRate=a2:b2:c1:d2:e2:f2:g2:h2:i2:j2:k2:l2:m2:n2:o2:p2:q2:r8:s2:t8:v2:w8:x2:y2');
INSERT INTO ServerHost (id, domain_id, hostname, ip_address, server_host_group_id, vars) VALUES (@id_prefix + 101, @domain_id, '192.168.223.193', '192.168.223.193', (@id_prefix + 26), 'ansible_user=root logRolloutRate=a2:b2:c1:d2:e2:f2:g2:h2:i2:j2:k2:l2:m2:n2:o2:p2:q2:r8:s2:t8:v2:w8:x2:y2');
INSERT INTO ServerHost (id, domain_id, hostname, ip_address, server_host_group_id, vars) VALUES (@id_prefix + 102, @domain_id, '192.168.223.187', '192.168.223.187', (@id_prefix + 26), 'ansible_user=root logRolloutRate=a2:b2:c1:d2:e2:f2:g2:h2:i2:j2:k2:l2:m2:n2:o2:p2:q2:r8:s2:t8:v2:w8:x2:y2');
INSERT INTO ServerHost (id, domain_id, hostname, ip_address, server_host_group_id, vars) VALUES (@id_prefix + 103, @domain_id, '192.168.223.138', '192.168.223.138', (@id_prefix + 26), 'ansible_user=root logRolloutRate=a2:b2:c1:d2:e2:f2:g2:h2:i2:j2:k2:l2:m2:n2:o2:p2:q2:r8:s2:t8:v2:w8:x2:y2');
INSERT INTO ServerHostGroup (id, domain_id, name) VALUES ((@id_prefix + 27), @domain_id, 'logsrv5');
INSERT INTO ServerHost (id, domain_id, hostname, ip_address, server_host_group_id, vars) VALUES (@id_prefix + 104, @domain_id, '192.168.223.180', '192.168.223.180', (@id_prefix + 27), 'ansible_user=root logRolloutRate=a2:b2:c1:d2:e2:f2:g2:h2:i2:j2:k2:l2:m2:n2:o2:p2:q2:r8:s2:t8:v2:w8:x2:y2');
INSERT INTO ServerHost (id, domain_id, hostname, ip_address, server_host_group_id, vars) VALUES (@id_prefix + 105, @domain_id, '192.168.223.190', '192.168.223.190', (@id_prefix + 27), 'ansible_user=root logRolloutRate=a2:b2:c1:d2:e2:f2:g2:h2:i2:j2:k2:l2:m2:n2:o2:p2:q2:r8:s2:t8:v2:w8:x2:y2');
INSERT INTO ServerHost (id, domain_id, hostname, ip_address, server_host_group_id, vars) VALUES (@id_prefix + 106, @domain_id, '192.168.223.149', '192.168.223.149', (@id_prefix + 27), 'ansible_user=root logRolloutRate=a2:b2:c1:d2:e2:f2:g2:h2:i2:j2:k2:l2:m2:n2:o2:p2:q2:r8:s2:t8:v2:w8:x2:y2');
INSERT INTO ServerHost (id, domain_id, hostname, ip_address, server_host_group_id, vars) VALUES (@id_prefix + 107, @domain_id, '192.168.223.179', '192.168.223.179', (@id_prefix + 27), 'ansible_user=root logRolloutRate=a2:b2:c1:d2:e2:f2:g2:h2:i2:j2:k2:l2:m2:n2:o2:p2:q2:r8:s2:t8:v2:w8:x2:y2');
INSERT INTO ServerHost (id, domain_id, hostname, ip_address, server_host_group_id, vars) VALUES (@id_prefix + 108, @domain_id, '192.168.223.196', '192.168.223.196', (@id_prefix + 27), 'ansible_user=root logRolloutRate=a2:b2:c1:d2:e2:f2:g2:h2:i2:j2:k2:l2:m2:n2:o2:p2:q2:r8:s2:t8:v2:w8:x2:y2');
INSERT INTO ServerHost (id, domain_id, hostname, ip_address, server_host_group_id, vars) VALUES (@id_prefix + 109, @domain_id, '192.168.223.192', '192.168.223.192', (@id_prefix + 27), 'ansible_user=root logRolloutRate=a2:b2:c1:d2:e2:f2:g2:h2:i2:j2:k2:l2:m2:n2:o2:p2:q2:r8:s2:t8:v2:w8:x2:y2');
INSERT INTO ServerHost (id, domain_id, hostname, ip_address, server_host_group_id, vars) VALUES (@id_prefix + 110, @domain_id, '192.168.223.152', '192.168.223.152', (@id_prefix + 27), 'ansible_user=root logRolloutRate=a2:b2:c1:d2:e2:f2:g2:h2:i2:j2:k2:l2:m2:n2:o2:p2:q2:r8:s2:t8:v2:w8:x2:y2');
INSERT INTO ServerHost (id, domain_id, hostname, ip_address, server_host_group_id, vars) VALUES (@id_prefix + 111, @domain_id, '192.168.223.136', '192.168.223.136', (@id_prefix + 27), 'ansible_user=root logRolloutRate=a2:b2:c1:d2:e2:f2:g2:h2:i2:j2:k2:l2:m2:n2:o2:p2:q2:r8:s2:t8:v2:w8:x2:y2');
INSERT INTO ServerHostGroup (id, domain_id, name) VALUES ((@id_prefix + 28), @domain_id, 'logsrv6');
INSERT INTO ServerHost (id, domain_id, hostname, ip_address, server_host_group_id, vars) VALUES (@id_prefix + 112, @domain_id, '192.168.223.182', '192.168.223.182', (@id_prefix + 28), 'ansible_user=root logRolloutRate=a2:b2:c1:d2:e2:f2:g2:h2:i2:j2:k2:l2:m2:n2:o2:p2:q2:r8:s2:t8:v2:w8:x2:y2');
INSERT INTO ServerHost (id, domain_id, hostname, ip_address, server_host_group_id, vars) VALUES (@id_prefix + 113, @domain_id, '192.168.223.119', '192.168.223.119', (@id_prefix + 28), 'ansible_user=root logRolloutRate=a2:b2:c1:d2:e2:f2:g2:h2:i2:j2:k2:l2:m2:n2:o2:p2:q2:r8:s2:t8:v2:w8:x2:y2');
INSERT INTO ServerHost (id, domain_id, hostname, ip_address, server_host_group_id, vars) VALUES (@id_prefix + 114, @domain_id, '192.168.223.189', '192.168.223.189', (@id_prefix + 28), 'ansible_user=root logRolloutRate=a2:b2:c1:d2:e2:f2:g2:h2:i2:j2:k2:l2:m2:n2:o2:p2:q2:r8:s2:t8:v2:w8:x2:y2');
INSERT INTO ServerHost (id, domain_id, hostname, ip_address, server_host_group_id, vars) VALUES (@id_prefix + 115, @domain_id, '192.168.223.195', '192.168.223.195', (@id_prefix + 28), 'ansible_user=root logRolloutRate=a2:b2:c1:d2:e2:f2:g2:h2:i2:j2:k2:l2:m2:n2:o2:p2:q2:r8:s2:t40:v2:w8:x2:y2');
INSERT INTO ServerHost (id, domain_id, hostname, ip_address, server_host_group_id, vars) VALUES (@id_prefix + 116, @domain_id, '192.168.223.181', '192.168.223.181', (@id_prefix + 28), 'ansible_user=root logRolloutRate=a2:b2:c1:d2:e2:f2:g2:h2:i2:j2:k2:l2:m2:n2:o2:p2:q2:r8:s2:t40:v2:w8:x2:y2');
INSERT INTO ServerHost (id, domain_id, hostname, ip_address, server_host_group_id, vars) VALUES (@id_prefix + 117, @domain_id, '192.168.223.170', '192.168.223.170', (@id_prefix + 28), 'ansible_user=root logRolloutRate=a2:b2:c1:d2:e2:f2:g2:h2:i2:j2:k2:l2:m2:n2:o2:p2:q2:r8:s2:t8:v2:w8:x2:y2');
INSERT INTO ServerHost (id, domain_id, hostname, ip_address, server_host_group_id, vars) VALUES (@id_prefix + 118, @domain_id, '192.168.223.156', '192.168.223.156', (@id_prefix + 28), 'ansible_user=root logRolloutRate=a2:b2:c1:d2:e2:f2:g2:h2:i2:j2:k2:l2:m2:n2:o2:p2:q2:r8:s2:t40:v2:w8:x2:y2');
INSERT INTO ServerHost (id, domain_id, hostname, ip_address, server_host_group_id, vars) VALUES (@id_prefix + 119, @domain_id, '192.168.223.127', '192.168.223.127', (@id_prefix + 28), 'ansible_user=root logRolloutRate=a2:b2:c1:d2:e2:f2:g2:h2:i2:j2:k2:l2:m2:n2:o2:p2:q2:r8:s2:t40:v2:w8:x2:y2');
INSERT INTO ServerHostGroup (id, domain_id, name) VALUES ((@id_prefix + 29), @domain_id, 'logsrv7');
INSERT INTO ServerHost (id, domain_id, hostname, ip_address, server_host_group_id, vars) VALUES (@id_prefix + 120, @domain_id, '192.168.223.172', '192.168.223.172', (@id_prefix + 29), 'ansible_user=root logRolloutRate=a2:b2:c1:d2:e2:f2:g2:h2:i2:j2:k2:l2:m2:n2:o2:p2:q2:r8:s2:t8:v2:w8:x2:y2');
INSERT INTO ServerHost (id, domain_id, hostname, ip_address, server_host_group_id, vars) VALUES (@id_prefix + 121, @domain_id, '192.168.223.175', '192.168.223.175', (@id_prefix + 29), 'ansible_user=root logRolloutRate=a2:b2:c1:d2:e2:f2:g2:h2:i2:j2:k2:l2:m2:n2:o2:p2:q2:r8:s2:t8:v2:w8:x2:y2');
INSERT INTO ServerHost (id, domain_id, hostname, ip_address, server_host_group_id, vars) VALUES (@id_prefix + 122, @domain_id, '192.168.223.174', '192.168.223.174', (@id_prefix + 29), 'ansible_user=root logRolloutRate=a2:b2:c1:d2:e2:f2:g2:h2:i2:j2:k2:l2:m2:n2:o2:p2:q2:r8:s2:t8:v2:w8:x2:y2');
INSERT INTO ServerHost (id, domain_id, hostname, ip_address, server_host_group_id, vars) VALUES (@id_prefix + 123, @domain_id, '192.168.223.171', '192.168.223.171', (@id_prefix + 29), 'ansible_user=root logRolloutRate=a2:b2:c1:d2:e2:f2:g2:h2:i2:j2:k2:l2:m2:n2:o2:p2:q2:r8:s2:t8:v2:w8:x2:y2');
INSERT INTO ServerHost (id, domain_id, hostname, ip_address, server_host_group_id, vars) VALUES (@id_prefix + 124, @domain_id, '192.168.223.168', '192.168.223.168', (@id_prefix + 29), 'ansible_user=root logRolloutRate=a2:b2:c1:d2:e2:f2:g2:h2:i2:j2:k2:l2:m2:n2:o2:p2:q2:r8:s2:t8:v2:w8:x2:y2');
INSERT INTO ServerHost (id, domain_id, hostname, ip_address, server_host_group_id, vars) VALUES (@id_prefix + 125, @domain_id, '192.168.223.167', '192.168.223.167', (@id_prefix + 29), 'ansible_user=root logRolloutRate=a2:b2:c1:d2:e2:f2:g2:h2:i2:j2:k2:l2:m2:n2:o2:p2:q2:r8:s2:t8:v2:w8:x2:y2');
INSERT INTO ServerHost (id, domain_id, hostname, ip_address, server_host_group_id, vars) VALUES (@id_prefix + 126, @domain_id, '192.168.223.166', '192.168.223.166', (@id_prefix + 29), 'ansible_user=root logRolloutRate=a2:b2:c1:d2:e2:f2:g2:h2:i2:j2:k2:l2:m2:n2:o2:p2:q2:r8:s2:t8:v2:w8:x2:y2');
INSERT INTO ServerHostGroup (id, domain_id, name) VALUES ((@id_prefix + 30), @domain_id, 'logsrv8');
INSERT INTO ServerHost (id, domain_id, hostname, ip_address, server_host_group_id, vars) VALUES (@id_prefix + 127, @domain_id, '192.168.223.188', '192.168.223.188', (@id_prefix + 30), 'ansible_user=root logRolloutRate=a2:b2:c1:d2:e2:f2:g2:h2:i2:j2:k2:l2:m2:n2:o2:p2:q2:r8:s2:t8:v2:w8:x2:y2');
INSERT INTO ServerHost (id, domain_id, hostname, ip_address, server_host_group_id, vars) VALUES (@id_prefix + 128, @domain_id, '192.168.223.165', '192.168.223.165', (@id_prefix + 30), 'ansible_user=root logRolloutRate=a2:b2:c1:d2:e2:f2:g2:h2:i2:j2:k2:l2:m2:n2:o2:p2:q2:r8:s2:t40:v2:w8:x2:y2');
INSERT INTO ServerHost (id, domain_id, hostname, ip_address, server_host_group_id, vars) VALUES (@id_prefix + 129, @domain_id, '192.168.223.164', '192.168.223.164', (@id_prefix + 30), 'ansible_user=root logRolloutRate=a2:b2:c1:d2:e2:f2:g2:h2:i2:j2:k2:l2:m2:n2:o2:p2:q2:r8:s2:t8:v2:w8:x2:y2');
INSERT INTO ServerHost (id, domain_id, hostname, ip_address, server_host_group_id, vars) VALUES (@id_prefix + 130, @domain_id, '192.168.223.163', '192.168.223.163', (@id_prefix + 30), 'ansible_user=root logRolloutRate=a2:b2:c1:d2:e2:f2:g2:h2:i2:j2:k2:l2:m2:n2:o2:p2:q2:r8:s2:t8:v2:w8:x2:y2');
INSERT INTO ServerHost (id, domain_id, hostname, ip_address, server_host_group_id, vars) VALUES (@id_prefix + 131, @domain_id, '192.168.223.162', '192.168.223.162', (@id_prefix + 30), 'ansible_user=root logRolloutRate=a2:b2:c1:d2:e2:f2:g2:h2:i2:j2:k2:l2:m2:n2:o2:p2:q2:r8:s2:t8:v2:w8:x2:y2');
INSERT INTO ServerHost (id, domain_id, hostname, ip_address, server_host_group_id, vars) VALUES (@id_prefix + 132, @domain_id, '192.168.223.158', '192.168.223.158', (@id_prefix + 30), 'ansible_user=root logRolloutRate=a2:b2:c1:d2:e2:f2:g2:h2:i2:j2:k2:l2:m2:n2:o2:p2:q2:r8:s2:t8:v2:w8:x2:y2');
INSERT INTO ServerHost (id, domain_id, hostname, ip_address, server_host_group_id, vars) VALUES (@id_prefix + 133, @domain_id, '192.168.223.157', '192.168.223.157', (@id_prefix + 30), 'ansible_user=root logRolloutRate=a2:b2:c1:d2:e2:f2:g2:h2:i2:j2:k2:l2:m2:n2:o2:p2:q2:r8:s2:t8:v2:w8:x2:y2');
INSERT INTO ServerHost (id, domain_id, hostname, ip_address, server_host_group_id, vars) VALUES (@id_prefix + 134, @domain_id, '192.168.223.155', '192.168.223.155', (@id_prefix + 30), 'ansible_user=root logRolloutRate=a2:b2:c1:d2:e2:f2:g2:h2:i2:j2:k2:l2:m2:n2:o2:p2:q2:r8:s2:t40:v2:w8:x2:y2');
INSERT INTO ServerHost (id, domain_id, hostname, ip_address, server_host_group_id, vars) VALUES (@id_prefix + 135, @domain_id, '192.168.223.148', '192.168.223.148', (@id_prefix + 30), 'ansible_user=root logRolloutRate=a2:b2:c1:d2:e2:f2:g2:h2:i2:j2:k2:l2:m2:n2:o2:p2:q2:r8:s2:t40:v2:w8:x2:y2');
INSERT INTO ServerHost (id, domain_id, hostname, ip_address, server_host_group_id, vars) VALUES (@id_prefix + 136, @domain_id, '192.168.223.19', '192.168.223.19', (@id_prefix + 30), 'ansible_user=root logRolloutRate=a2:b2:c1:d2:e2:f2:g2:h2:i2:j2:k2:l2:m2:n2:o2:p2:q2:r8:s2:t8:v2:w8:x2:y2');
INSERT INTO ServerHostGroup (id, domain_id, name) VALUES ((@id_prefix + 31), @domain_id, 'logsrv9');
INSERT INTO ServerHost (id, domain_id, hostname, ip_address, server_host_group_id, vars) VALUES (@id_prefix + 137, @domain_id, '10.20.97.30', '10.20.97.30', (@id_prefix + 31), 'ansible_user=root logRolloutRate=a2:b2:c1:d2:e2:f2:g2:h2:i2:j2:k2:l2:m2:n2:o2:p2:q2:r8:s2:t40:v2:w8:x2:y2');
INSERT INTO ServerHost (id, domain_id, hostname, ip_address, server_host_group_id, vars) VALUES (@id_prefix + 138, @domain_id, '10.20.97.34', '10.20.97.34', (@id_prefix + 31), 'ansible_user=root logRolloutRate=a2:b2:c1:d2:e2:f2:g2:h2:i2:j2:k2:l2:m2:n2:o2:p2:q2:r8:s2:t40:v2:w8:x2:y2');
INSERT INTO ServerHost (id, domain_id, hostname, ip_address, server_host_group_id, vars) VALUES (@id_prefix + 139, @domain_id, '10.20.97.37', '10.20.97.37', (@id_prefix + 31), 'ansible_user=root logRolloutRate=a2:b2:c1:d2:e2:f2:g2:h2:i2:j2:k2:l2:m2:n2:o2:p2:q2:r8:s2:t40:v2:w8:x2:y2');
INSERT INTO ServerHost (id, domain_id, hostname, ip_address, server_host_group_id, vars) VALUES (@id_prefix + 140, @domain_id, '10.20.97.40', '10.20.97.40', (@id_prefix + 31), 'ansible_user=root logRolloutRate=a2:b2:c1:d2:e2:f2:g2:h2:i2:j2:k2:l2:m2:n2:o2:p2:q2:r8:s2:t40:v2:w8:x2:y2');
INSERT INTO ServerHost (id, domain_id, hostname, ip_address, server_host_group_id, vars) VALUES (@id_prefix + 141, @domain_id, '10.20.97.41', '10.20.97.41', (@id_prefix + 31), 'ansible_user=root logRolloutRate=a2:b2:c1:d2:e2:f2:g2:h2:i2:j2:k2:l2:m2:n2:o2:p2:q2:r8:s2:t40:v2:w8:x2:y2');
INSERT INTO ServerHost (id, domain_id, hostname, ip_address, server_host_group_id, vars) VALUES (@id_prefix + 142, @domain_id, '10.20.97.42', '10.20.97.42', (@id_prefix + 31), 'ansible_user=root logRolloutRate=a2:b2:c1:d2:e2:f2:g2:h2:i2:j2:k2:l2:m2:n2:o2:p2:q2:r8:s2:t40:v2:w8:x2:y2');
INSERT INTO ServerHost (id, domain_id, hostname, ip_address, server_host_group_id, vars) VALUES (@id_prefix + 143, @domain_id, '10.20.97.43', '10.20.97.43', (@id_prefix + 31), 'ansible_user=root logRolloutRate=a2:b2:c1:d2:e2:f2:g2:h2:i2:j2:k2:l2:m2:n2:o2:p2:q2:r8:s2:t40:v2:w8:x2:y2');
INSERT INTO ServerHost (id, domain_id, hostname, ip_address, server_host_group_id, vars) VALUES (@id_prefix + 144, @domain_id, '10.20.97.44', '10.20.97.44', (@id_prefix + 31), 'ansible_user=root logRolloutRate=a2:b2:c1:d2:e2:f2:g2:h2:i2:j2:k2:l2:m2:n2:o2:p2:q2:r8:s2:t40:v2:w8:x2:y2');
INSERT INTO ServerHost (id, domain_id, hostname, ip_address, server_host_group_id, vars) VALUES (@id_prefix + 145, @domain_id, '10.20.97.45', '10.20.97.45', (@id_prefix + 31), 'ansible_user=root logRolloutRate=a2:b2:c1:d2:e2:f2:g2:h2:i2:j2:k2:l2:m2:n2:o2:p2:q2:r8:s2:t40:v2:w8:x2:y2');
INSERT INTO ServerHost (id, domain_id, hostname, ip_address, server_host_group_id, vars) VALUES (@id_prefix + 146, @domain_id, '10.20.97.46', '10.20.97.46', (@id_prefix + 31), 'ansible_user=root logRolloutRate=a2:b2:c1:d2:e2:f2:g2:h2:i2:j2:k2:l2:m2:n2:o2:p2:q2:r8:s2:t40:v2:w8:x2:y2');
INSERT INTO ServerHost (id, domain_id, hostname, ip_address, server_host_group_id, vars) VALUES (@id_prefix + 147, @domain_id, '10.20.97.47', '10.20.97.47', (@id_prefix + 31), 'ansible_user=root logRolloutRate=a2:b2:c1:d2:e2:f2:g2:h2:i2:j2:k2:l2:m2:n2:o2:p2:q2:r8:s2:t40:v2:w8:x2:y2');
INSERT INTO ServerHost (id, domain_id, hostname, ip_address, server_host_group_id, vars) VALUES (@id_prefix + 148, @domain_id, '10.20.97.48', '10.20.97.48', (@id_prefix + 31), 'ansible_user=root logRolloutRate=a2:b2:c1:d2:e2:f2:g2:h2:i2:j2:k2:l2:m2:n2:o2:p2:q2:r8:s2:t40:v2:w8:x2:y2');
INSERT INTO ServerHost (id, domain_id, hostname, ip_address, server_host_group_id, vars) VALUES (@id_prefix + 149, @domain_id, '10.20.97.57', '10.20.97.57', (@id_prefix + 31), 'ansible_user=root logRolloutRate=a2:b2:c1:d2:e2:f2:g2:h2:i2:j2:k2:l2:m2:n2:o2:p2:q2:r8:s2:t40:v2:w8:x2:y2');
INSERT INTO ServerHost (id, domain_id, hostname, ip_address, server_host_group_id, vars) VALUES (@id_prefix + 150, @domain_id, '10.20.97.58', '10.20.97.58', (@id_prefix + 31), 'ansible_user=root logRolloutRate=a2:b2:c1:d2:e2:f2:g2:h2:i2:j2:k2:l2:m2:n2:o2:p2:q2:r8:s2:t40:v2:w8:x2:y2');
INSERT INTO ServerHost (id, domain_id, hostname, ip_address, server_host_group_id, vars) VALUES (@id_prefix + 151, @domain_id, '10.20.97.82', '10.20.97.82', (@id_prefix + 31), 'ansible_user=root logRolloutRate=a2:b2:c1:d2:e2:f2:g2:h2:i2:j2:k2:l2:m2:n2:o2:p2:q2:r8:s2:t40:v2:w8:x2:y2');
INSERT INTO ServerHost (id, domain_id, hostname, ip_address, server_host_group_id, vars) VALUES (@id_prefix + 152, @domain_id, '10.20.97.83', '10.20.97.83', (@id_prefix + 31), 'ansible_user=root logRolloutRate=a2:b2:c1:d2:e2:f2:g2:h2:i2:j2:k2:l2:m2:n2:o2:p2:q2:r8:s2:t40:v2:w8:x2:y2');
INSERT INTO ServerHost (id, domain_id, hostname, ip_address, server_host_group_id, vars) VALUES (@id_prefix + 153, @domain_id, '10.20.97.84', '10.20.97.84', (@id_prefix + 31), 'ansible_user=root logRolloutRate=a2:b2:c1:d2:e2:f2:g2:h2:i2:j2:k2:l2:m2:n2:o2:p2:q2:r8:s2:t40:v2:w8:x2:y2');
INSERT INTO ServerHost (id, domain_id, hostname, ip_address, server_host_group_id, vars) VALUES (@id_prefix + 154, @domain_id, '10.20.97.85', '10.20.97.85', (@id_prefix + 31), 'ansible_user=root logRolloutRate=a2:b2:c1:d2:e2:f2:g2:h2:i2:j2:k2:l2:m2:n2:o2:p2:q2:r8:s2:t40:v2:w8:x2:y2');
INSERT INTO ServerHost (id, domain_id, hostname, ip_address, server_host_group_id, vars) VALUES (@id_prefix + 155, @domain_id, '10.20.97.86', '10.20.97.86', (@id_prefix + 31), 'ansible_user=root logRolloutRate=a2:b2:c1:d2:e2:f2:g2:h2:i2:j2:k2:l2:m2:n2:o2:p2:q2:r8:s2:t40:v2:w8:x2:y2');
INSERT INTO ServerHost (id, domain_id, hostname, ip_address, server_host_group_id, vars) VALUES (@id_prefix + 156, @domain_id, '10.20.97.87', '10.20.97.87', (@id_prefix + 31), 'ansible_user=root logRolloutRate=a2:b2:c1:d2:e2:f2:g2:h2:i2:j2:k2:l2:m2:n2:o2:p2:q2:r8:s2:t40:v2:w8:x2:y2');
INSERT INTO ServerHost (id, domain_id, hostname, ip_address, server_host_group_id, vars) VALUES (@id_prefix + 157, @domain_id, '10.20.97.88', '10.20.97.88', (@id_prefix + 31), 'ansible_user=root logRolloutRate=a2:b2:c1:d2:e2:f2:g2:h2:i2:j2:k2:l2:m2:n2:o2:p2:q2:r8:s2:t40:v2:w8:x2:y2');
INSERT INTO ServerHost (id, domain_id, hostname, ip_address, server_host_group_id, vars) VALUES (@id_prefix + 158, @domain_id, '10.20.97.125', '10.20.97.125', (@id_prefix + 31), 'ansible_user=root logRolloutRate=a2:b2:c1:d2:e2:f2:g2:h2:i2:j2:k2:l2:m2:n2:o2:p2:q2:r8:s2:t40:v2:w8:x2:y2');
INSERT INTO ServerHost (id, domain_id, hostname, ip_address, server_host_group_id, vars) VALUES (@id_prefix + 159, @domain_id, '10.20.97.126', '10.20.97.126', (@id_prefix + 31), 'ansible_user=root logRolloutRate=a2:b2:c1:d2:e2:f2:g2:h2:i2:j2:k2:l2:m2:n2:o2:p2:q2:r8:s2:t40:v2:w8:x2:y2');
INSERT INTO ServerHost (id, domain_id, hostname, ip_address, server_host_group_id, vars) VALUES (@id_prefix + 160, @domain_id, '10.20.97.128', '10.20.97.128', (@id_prefix + 31), 'ansible_user=root logRolloutRate=a2:b2:c1:d2:e2:f2:g2:h2:i2:j2:k2:l2:m2:n2:o2:p2:q2:r8:s2:t40:v2:w8:x2:y2');
INSERT INTO ServerHostGroup (id, domain_id, name) VALUES ((@id_prefix + 32), @domain_id, 'logsrv10');
INSERT INTO ServerHost (id, domain_id, hostname, ip_address, server_host_group_id, vars) VALUES (@id_prefix + 161, @domain_id, '10.20.97.91', '10.20.97.91', (@id_prefix + 32), 'ansible_user=root logRolloutRate=a2:b2:c1:d2:e2:f2:g2:h2:i2:j2:k2:l2:m2:n2:o2:p2:q2:r8:s2:t40:v2:w8:x2:y2');
INSERT INTO ServerHost (id, domain_id, hostname, ip_address, server_host_group_id, vars) VALUES (@id_prefix + 162, @domain_id, '10.20.97.92', '10.20.97.92', (@id_prefix + 32), 'ansible_user=root logRolloutRate=a2:b2:c1:d2:e2:f2:g2:h2:i2:j2:k2:l2:m2:n2:o2:p2:q2:r8:s2:t40:v2:w8:x2:y2');
INSERT INTO ServerHost (id, domain_id, hostname, ip_address, server_host_group_id, vars) VALUES (@id_prefix + 163, @domain_id, '10.20.97.93', '10.20.97.93', (@id_prefix + 32), 'ansible_user=root logRolloutRate=a2:b2:c1:d2:e2:f2:g2:h2:i2:j2:k2:l2:m2:n2:o2:p2:q2:r8:s2:t40:v2:w8:x2:y2');
INSERT INTO ServerHost (id, domain_id, hostname, ip_address, server_host_group_id, vars) VALUES (@id_prefix + 164, @domain_id, '10.20.97.94', '10.20.97.94', (@id_prefix + 32), 'ansible_user=root logRolloutRate=a2:b2:c1:d2:e2:f2:g2:h2:i2:j2:k2:l2:m2:n2:o2:p2:q2:r8:s2:t40:v2:w8:x2:y2');
INSERT INTO ServerHost (id, domain_id, hostname, ip_address, server_host_group_id, vars) VALUES (@id_prefix + 165, @domain_id, '10.20.97.229', '10.20.97.229', (@id_prefix + 32), 'ansible_user=root logRolloutRate=a2:b2:c1:d2:e2:f2:g2:h2:i2:j2:k2:l2:m2:n2:o2:p2:q2:r8:s2:t40:v2:w8:x2:y2');
INSERT INTO ServerHost (id, domain_id, hostname, ip_address, server_host_group_id, vars) VALUES (@id_prefix + 166, @domain_id, '10.20.97.239', '10.20.97.239', (@id_prefix + 32), 'ansible_user=root logRolloutRate=a2:b2:c1:d2:e2:f2:g2:h2:i2:j2:k2:l2:m2:n2:o2:p2:q2:r8:s2:t40:v2:w8:x2:y2');
INSERT INTO ServerHost (id, domain_id, hostname, ip_address, server_host_group_id, vars) VALUES (@id_prefix + 167, @domain_id, '10.20.97.190', '10.20.97.190', (@id_prefix + 32), 'ansible_user=root logRolloutRate=a2:b2:c1:d2:e2:f2:g2:h2:i2:j2:k2:l2:m2:n2:o2:p2:q2:r8:s2:t40:v2:w8:x2:y2');
INSERT INTO ServerHost (id, domain_id, hostname, ip_address, server_host_group_id, vars) VALUES (@id_prefix + 168, @domain_id, '10.20.97.191', '10.20.97.191', (@id_prefix + 32), 'ansible_user=root logRolloutRate=a2:b2:c1:d2:e2:f2:g2:h2:i2:j2:k2:l2:m2:n2:o2:p2:q2:r8:s2:t40:v2:w8:x2:y2');
INSERT INTO ServerHost (id, domain_id, hostname, ip_address, server_host_group_id, vars) VALUES (@id_prefix + 169, @domain_id, '10.20.97.192', '10.20.97.192', (@id_prefix + 32), 'ansible_user=root logRolloutRate=a2:b2:c1:d2:e2:f2:g2:h2:i2:j2:k2:l2:m2:n2:o2:p2:q2:r8:s2:t40:v2:w8:x2:y2');
INSERT INTO ServerHost (id, domain_id, hostname, ip_address, server_host_group_id, vars) VALUES (@id_prefix + 170, @domain_id, '10.20.97.193', '10.20.97.193', (@id_prefix + 32), 'ansible_user=root logRolloutRate=a2:b2:c1:d2:e2:f2:g2:h2:i2:j2:k2:l2:m2:n2:o2:p2:q2:r8:s2:t40:v2:w8:x2:y2');
INSERT INTO ServerHost (id, domain_id, hostname, ip_address, server_host_group_id, vars) VALUES (@id_prefix + 171, @domain_id, '10.20.97.194', '10.20.97.194', (@id_prefix + 32), 'ansible_user=root logRolloutRate=a2:b2:c1:d2:e2:f2:g2:h2:i2:j2:k2:l2:m2:n2:o2:p2:q2:r8:s2:t40:v2:w8:x2:y2');
INSERT INTO ServerHost (id, domain_id, hostname, ip_address, server_host_group_id, vars) VALUES (@id_prefix + 172, @domain_id, '10.20.97.195', '10.20.97.195', (@id_prefix + 32), 'ansible_user=root logRolloutRate=a2:b2:c1:d2:e2:f2:g2:h2:i2:j2:k2:l2:m2:n2:o2:p2:q2:r8:s2:t40:v2:w8:x2:y2');
INSERT INTO ServerHost (id, domain_id, hostname, ip_address, server_host_group_id, vars) VALUES (@id_prefix + 173, @domain_id, '10.20.97.196', '10.20.97.196', (@id_prefix + 32), 'ansible_user=root logRolloutRate=a2:b2:c1:d2:e2:f2:g2:h2:i2:j2:k2:l2:m2:n2:o2:p2:q2:r8:s2:t40:v2:w8:x2:y2');
INSERT INTO ServerHost (id, domain_id, hostname, ip_address, server_host_group_id, vars) VALUES (@id_prefix + 174, @domain_id, '10.20.97.197', '10.20.97.197', (@id_prefix + 32), 'ansible_user=root logRolloutRate=a2:b2:c1:d2:e2:f2:g2:h2:i2:j2:k2:l2:m2:n2:o2:p2:q2:r8:s2:t40:v2:w8:x2:y2');
INSERT INTO ServerHost (id, domain_id, hostname, ip_address, server_host_group_id, vars) VALUES (@id_prefix + 175, @domain_id, '10.20.97.228', '10.20.97.228', (@id_prefix + 32), 'ansible_user=root logRolloutRate=a2:b2:c1:d2:e2:f2:g2:h2:i2:j2:k2:l2:m2:n2:o2:p2:q2:r8:s2:t40:v2:w8:x2:y2');
INSERT INTO ServerHost (id, domain_id, hostname, ip_address, server_host_group_id, vars) VALUES (@id_prefix + 176, @domain_id, '10.20.97.151', '10.20.97.151', (@id_prefix + 32), 'ansible_user=root logRolloutRate=a2:b2:c1:d2:e2:f2:g2:h2:i2:j2:k2:l2:m2:n2:o2:p2:q2:r8:s2:t40:v2:w8:x2:y2');
INSERT INTO ServerHost (id, domain_id, hostname, ip_address, server_host_group_id, vars) VALUES (@id_prefix + 177, @domain_id, '10.20.97.183', '10.20.97.183', (@id_prefix + 32), 'ansible_user=root logRolloutRate=a2:b2:c1:d2:e2:f2:g2:h2:i2:j2:k2:l2:m2:n2:o2:p2:q2:r8:s2:t40:v2:w8:x2:y2');
INSERT INTO ServerHost (id, domain_id, hostname, ip_address, server_host_group_id, vars) VALUES (@id_prefix + 178, @domain_id, '10.20.97.184', '10.20.97.184', (@id_prefix + 32), 'ansible_user=root logRolloutRate=a2:b2:c1:d2:e2:f2:g2:h2:i2:j2:k2:l2:m2:n2:o2:p2:q2:r8:s2:t40:v2:w8:x2:y2');
INSERT INTO ServerHost (id, domain_id, hostname, ip_address, server_host_group_id, vars) VALUES (@id_prefix + 179, @domain_id, '10.243.1.220', '10.243.1.220', (@id_prefix + 32), 'ansible_user=root logRolloutRate=a2:b2:c1:d2:e2:f2:g2:h2:i2:j2:k2:l2:m2:n2:o2:p2:q2:r8:s2:t40:v2:w8:x2:y2');
INSERT INTO ServerHostGroup (id, domain_id, name) VALUES ((@id_prefix + 33), @domain_id, 'logsrv');
INSERT INTO ServerHost (id, domain_id, hostname, ip_address, server_host_group_id, vars) VALUES (@id_prefix + 180, @domain_id, '10.243.0.134', '10.243.0.134', (@id_prefix + 33), 'ansible_user=root');
INSERT INTO ServerHost (id, domain_id, hostname, ip_address, server_host_group_id, vars) VALUES (@id_prefix + 181, @domain_id, '10.243.0.134', '10.243.0.134', (@id_prefix + 33), 'ansible_user=root');
INSERT INTO ServerHost (id, domain_id, hostname, ip_address, server_host_group_id, vars) VALUES (@id_prefix + 182, @domain_id, '10.243.0.24', '10.243.0.24', (@id_prefix + 33), 'ansible_user=root');
INSERT INTO ServerHost (id, domain_id, hostname, ip_address, server_host_group_id, vars) VALUES (@id_prefix + 183, @domain_id, '192.168.223.25', '192.168.223.25', (@id_prefix + 33), 'ansible_user=root');
INSERT INTO ServerHost (id, domain_id, hostname, ip_address, server_host_group_id, vars) VALUES (@id_prefix + 184, @domain_id, '192.168.223.92', '192.168.223.92', (@id_prefix + 33), 'ansible_user=root');
INSERT INTO ServerHost (id, domain_id, hostname, ip_address, server_host_group_id, vars) VALUES (@id_prefix + 185, @domain_id, '192.168.223.45', '192.168.223.45', (@id_prefix + 33), 'ansible_user=root');
INSERT INTO ServerHost (id, domain_id, hostname, ip_address, server_host_group_id, vars) VALUES (@id_prefix + 186, @domain_id, '192.168.223.55', '192.168.223.55', (@id_prefix + 33), 'ansible_user=root');
INSERT INTO ServerHost (id, domain_id, hostname, ip_address, server_host_group_id, vars) VALUES (@id_prefix + 187, @domain_id, '192.168.223.74', '192.168.223.74', (@id_prefix + 33), 'ansible_user=root');
INSERT INTO ServerHost (id, domain_id, hostname, ip_address, server_host_group_id, vars) VALUES (@id_prefix + 188, @domain_id, '192.168.223.75', '192.168.223.75', (@id_prefix + 33), 'ansible_user=root');
INSERT INTO ServerHost (id, domain_id, hostname, ip_address, server_host_group_id, vars) VALUES (@id_prefix + 189, @domain_id, '192.168.223.82', '192.168.223.82', (@id_prefix + 33), 'ansible_user=root');
INSERT INTO ServerHost (id, domain_id, hostname, ip_address, server_host_group_id, vars) VALUES (@id_prefix + 190, @domain_id, '10.243.0.93', '10.243.0.93', (@id_prefix + 33), 'ansible_user=root');
INSERT INTO ServerHost (id, domain_id, hostname, ip_address, server_host_group_id, vars) VALUES (@id_prefix + 191, @domain_id, '10.243.0.83', '10.243.0.83', (@id_prefix + 33), 'ansible_user=root');
INSERT INTO ServerHost (id, domain_id, hostname, ip_address, server_host_group_id, vars) VALUES (@id_prefix + 192, @domain_id, '10.243.0.95', '10.243.0.95', (@id_prefix + 33), 'ansible_user=root');
INSERT INTO ServerHost (id, domain_id, hostname, ip_address, server_host_group_id, vars) VALUES (@id_prefix + 193, @domain_id, '192.168.223.85', '192.168.223.85', (@id_prefix + 33), 'ansible_user=root');
INSERT INTO ServerHost (id, domain_id, hostname, ip_address, server_host_group_id, vars) VALUES (@id_prefix + 194, @domain_id, '10.243.0.94', '10.243.0.94', (@id_prefix + 33), 'ansible_user=root');
INSERT INTO ServerHost (id, domain_id, hostname, ip_address, server_host_group_id, vars) VALUES (@id_prefix + 195, @domain_id, '192.168.223.84', '192.168.223.84', (@id_prefix + 33), 'ansible_user=root');
INSERT INTO ServerHost (id, domain_id, hostname, ip_address, server_host_group_id, vars) VALUES (@id_prefix + 196, @domain_id, '10.93.29.231', '10.93.29.231', (@id_prefix + 33), 'ansible_user=root');
INSERT INTO ServerHost (id, domain_id, hostname, ip_address, server_host_group_id, vars) VALUES (@id_prefix + 197, @domain_id, '10.243.0.68', '10.243.0.68', (@id_prefix + 33), 'ansible_user=root');
INSERT INTO ServerHost (id, domain_id, hostname, ip_address, server_host_group_id, vars) VALUES (@id_prefix + 198, @domain_id, '10.243.0.68', '10.243.0.68', (@id_prefix + 33), 'ansible_user=root');
INSERT INTO ServerHost (id, domain_id, hostname, ip_address, server_host_group_id, vars) VALUES (@id_prefix + 199, @domain_id, '10.243.0.68', '10.243.0.68', (@id_prefix + 33), 'ansible_user=root');
INSERT INTO ServerHost (id, domain_id, hostname, ip_address, server_host_group_id, vars) VALUES (@id_prefix + 200, @domain_id, '208.91.112.52', '208.91.112.52', (@id_prefix + 33), 'ansible_user=root');
INSERT INTO ServerHost (id, domain_id, hostname, ip_address, server_host_group_id, vars) VALUES (@id_prefix + 201, @domain_id, '10.243.0.151', '10.243.0.151', (@id_prefix + 33), 'ansible_user=root');
INSERT INTO ServerHost (id, domain_id, hostname, ip_address, server_host_group_id, vars) VALUES (@id_prefix + 202, @domain_id, '192.168.223.77', '192.168.223.77', (@id_prefix + 33), 'ansible_user=root');
INSERT INTO ServerHost (id, domain_id, hostname, ip_address, server_host_group_id, vars) VALUES (@id_prefix + 203, @domain_id, '10.243.0.206', '10.243.0.206', (@id_prefix + 33), 'ansible_user=root');
INSERT INTO ServerHost (id, domain_id, hostname, ip_address, server_host_group_id, vars) VALUES (@id_prefix + 204, @domain_id, '10.243.0.202', '10.243.0.202', (@id_prefix + 33), 'ansible_user=root');
INSERT INTO ServerHost (id, domain_id, hostname, ip_address, server_host_group_id, vars) VALUES (@id_prefix + 205, @domain_id, '10.243.0.204', '10.243.0.204', (@id_prefix + 33), 'ansible_user=root');
INSERT INTO ServerHost (id, domain_id, hostname, ip_address, server_host_group_id, vars) VALUES (@id_prefix + 206, @domain_id, '10.243.1.200', '10.243.1.200', (@id_prefix + 33), 'ansible_user=root');
INSERT INTO ServerHost (id, domain_id, hostname, ip_address, server_host_group_id, vars) VALUES (@id_prefix + 207, @domain_id, '10.243.0.205', '10.243.0.205', (@id_prefix + 33), 'ansible_user=root');
INSERT INTO ServerHost (id, domain_id, hostname, ip_address, server_host_group_id, vars) VALUES (@id_prefix + 208, @domain_id, '10.243.1.201', '10.243.1.201', (@id_prefix + 33), 'ansible_user=root');
INSERT INTO ServerHost (id, domain_id, hostname, ip_address, server_host_group_id, vars) VALUES (@id_prefix + 209, @domain_id, '10.243.1.201', '10.243.1.201', (@id_prefix + 33), 'ansible_user=root');
INSERT INTO ServerHost (id, domain_id, hostname, ip_address, server_host_group_id, vars) VALUES (@id_prefix + 210, @domain_id, '10.243.0.208', '10.243.0.208', (@id_prefix + 33), 'ansible_user=root');
INSERT INTO ServerHost (id, domain_id, hostname, ip_address, server_host_group_id, vars) VALUES (@id_prefix + 211, @domain_id, '10.243.0.210', '10.243.0.210', (@id_prefix + 33), 'ansible_user=root name=kafkacluster1 KAFKA_CLUSTER_NODE_ID=1 KAFKA_CLUSTER_SERVER_1=10.243.0.210 KAFKA_EXTERNAL_HOST_AND_PORT=173.243.132.210:9092');
INSERT INTO ServerHost (id, domain_id, hostname, ip_address, server_host_group_id, vars) VALUES (@id_prefix + 212, @domain_id, '10.243.0.211', '10.243.0.211', (@id_prefix + 33), 'ansible_user=root name=kafkacluster2 KAFKA_CLUSTER_NODE_ID=2 KAFKA_CLUSTER_SERVER_2=10.243.0.211 KAFKA_EXTERNAL_HOST_AND_PORT=173.243.132.210:9093');
INSERT INTO ServerHost (id, domain_id, hostname, ip_address, server_host_group_id, vars) VALUES (@id_prefix + 213, @domain_id, '10.243.0.212', '10.243.0.212', (@id_prefix + 33), 'ansible_user=root name=kafkacluster3 KAFKA_CLUSTER_NODE_ID=3 KAFKA_CLUSTER_SERVER_3=10.243.0.212 KAFKA_EXTERNAL_HOST_AND_PORT=173.243.132.210:9094');
INSERT INTO ServerHost (id, domain_id, hostname, ip_address, server_host_group_id, vars) VALUES (@id_prefix + 214, @domain_id, '10.243.0.111', '10.243.0.111', (@id_prefix + 33), 'ansible_user=root');
INSERT INTO ServerHost (id, domain_id, hostname, ip_address, server_host_group_id, vars) VALUES (@id_prefix + 215, @domain_id, '10.243.1.18', '10.243.1.18', (@id_prefix + 33), 'ansible_user=root selfHostName=envoy.forticloud.com');
INSERT INTO ServerHost (id, domain_id, hostname, ip_address, server_host_group_id, vars) VALUES (@id_prefix + 216, @domain_id, '192.168.223.92', '192.168.223.92', (@id_prefix + 33), 'ansible_user=root');
INSERT INTO ServerHost (id, domain_id, hostname, ip_address, server_host_group_id, vars) VALUES (@id_prefix + 217, @domain_id, '10.243.1.196', '10.243.1.196', (@id_prefix + 33), 'ansible_user=root');
INSERT INTO ServerHost (id, domain_id, hostname, ip_address, server_host_group_id, vars) VALUES (@id_prefix + 218, @domain_id, '10.243.1.197', '10.243.1.197', (@id_prefix + 33), 'ansible_user=root');
INSERT INTO ServerHost (id, domain_id, hostname, ip_address, server_host_group_id, vars) VALUES (@id_prefix + 219, @domain_id, '10.243.0.46', '10.243.0.46', (@id_prefix + 33), 'ansible_user=root');
INSERT INTO ServerHost (id, domain_id, hostname, ip_address, server_host_group_id, vars) VALUES (@id_prefix + 220, @domain_id, '10.243.1.222', '10.243.1.222', (@id_prefix + 33), 'ansible_user=root cfgTunnelDBIP=10.243.1.222');
INSERT INTO ServerHost (id, domain_id, hostname, ip_address, server_host_group_id, vars) VALUES (@id_prefix + 221, @domain_id, '10.243.0.223', '10.243.0.223', (@id_prefix + 33), 'ansible_user=root');
INSERT INTO ServerHost (id, domain_id, hostname, ip_address, server_host_group_id, vars) VALUES (@id_prefix + 222, @domain_id, '10.243.0.223', '10.243.0.223', (@id_prefix + 33), 'ansible_user=root');
INSERT INTO ServerHost (id, domain_id, hostname, ip_address, server_host_group_id, vars) VALUES (@id_prefix + 223, @domain_id, '10.93.29.69', '10.93.29.69', (@id_prefix + 33), 'ansible_user=root');
INSERT INTO ServerHost (id, domain_id, hostname, ip_address, server_host_group_id, vars) VALUES (@id_prefix + 224, @domain_id, '10.243.0.106', '10.243.0.106', (@id_prefix + 33), 'ansible_user=root');
INSERT INTO ServerHost (id, domain_id, hostname, ip_address, server_host_group_id, vars) VALUES (@id_prefix + 225, @domain_id, '10.243.0.107', '10.243.0.107', (@id_prefix + 33), 'ansible_user=root');
INSERT INTO ServerHost (id, domain_id, hostname, ip_address, server_host_group_id, vars) VALUES (@id_prefix + 226, @domain_id, '10.243.0.108', '10.243.0.108', (@id_prefix + 33), 'ansible_user=root');
INSERT INTO ServerHost (id, domain_id, hostname, ip_address, server_host_group_id, vars) VALUES (@id_prefix + 227, @domain_id, '192.168.223.232', '192.168.223.232', (@id_prefix + 33), 'ansible_user=root KAFKA_CLUSTER_NODE_ID=1');
INSERT INTO ServerHost (id, domain_id, hostname, ip_address, server_host_group_id, vars) VALUES (@id_prefix + 228, @domain_id, '192.168.223.233', '192.168.223.233', (@id_prefix + 33), 'ansible_user=root KAFKA_CLUSTER_NODE_ID=2');
INSERT INTO ServerHost (id, domain_id, hostname, ip_address, server_host_group_id, vars) VALUES (@id_prefix + 229, @domain_id, '192.168.223.241', '192.168.223.241', (@id_prefix + 33), 'ansible_user=root KAFKA_CLUSTER_NODE_ID=3');
INSERT INTO ServerHost (id, domain_id, hostname, ip_address, server_host_group_id, vars) VALUES (@id_prefix + 230, @domain_id, '10.243.1.226', '10.243.1.226', (@id_prefix + 33), 'ansible_user=root');
INSERT INTO ServerHost (id, domain_id, hostname, ip_address, server_host_group_id, vars) VALUES (@id_prefix + 231, @domain_id, '10.243.0.215', '10.243.0.215', (@id_prefix + 33), 'ansible_user=root OPENSEARCH_CLUSTER_NODE_ID=os01');
INSERT INTO ServerHost (id, domain_id, hostname, ip_address, server_host_group_id, vars) VALUES (@id_prefix + 232, @domain_id, '10.243.0.216', '10.243.0.216', (@id_prefix + 33), 'ansible_user=root OPENSEARCH_CLUSTER_NODE_ID=os02');
INSERT INTO ServerHost (id, domain_id, hostname, ip_address, server_host_group_id, vars) VALUES (@id_prefix + 233, @domain_id, '10.243.0.221', '10.243.0.221', (@id_prefix + 33), 'ansible_user=root OPENSEARCH_CLUSTER_NODE_ID=os03');
INSERT INTO ServerHost (id, domain_id, hostname, ip_address, server_host_group_id, vars) VALUES (@id_prefix + 234, @domain_id, '10.243.0.215', '10.243.0.215', (@id_prefix + 33), 'ansible_user=root');
INSERT INTO ServerHost (id, domain_id, hostname, ip_address, server_host_group_id, vars) VALUES (@id_prefix + 235, @domain_id, '10.243.1.124', '10.243.1.124', (@id_prefix + 33), 'ansible_user=root dbRefreshTime=60 retrieveByPageNew=1');
INSERT INTO ServerHost (id, domain_id, hostname, ip_address, server_host_group_id, vars) VALUES (@id_prefix + 236, @domain_id, '10.20.98.125', '10.20.98.125', (@id_prefix + 33), 'ansible_user=root runWeeklyReport=true globalMetaDBIP=10.243.0.137 europeMetaDBIP=10.20.1.137 usMetaDBIP=10.93.29.137 jpMetaDBIP=10.31.48.137 globalLoginMgrDBIP=10.243.0.94 jpLoginMgrDBIP=10.31.48.94 globalMgrDBIP=192.168.223.85 europeMgrDBIP=10.20.1.85 usMgrDBIP=10.93.29.85 jpMgrDBIP=10.31.48.85');
INSERT INTO ServerHost (id, domain_id, hostname, ip_address, server_host_group_id, vars) VALUES (@id_prefix + 237, @domain_id, '184.94.112.21', '184.94.112.21', (@id_prefix + 33), 'ansible_user=root');
INSERT INTO ServerHost (id, domain_id, hostname, ip_address, server_host_group_id, vars) VALUES (@id_prefix + 238, @domain_id, '10.243.1.243', '10.243.1.243', (@id_prefix + 33), 'ansible_user=root');
INSERT INTO ServerHost (id, domain_id, hostname, ip_address, server_host_group_id, vars) VALUES (@id_prefix + 239, @domain_id, '10.243.0.242', '10.243.0.242', (@id_prefix + 33), 'ansible_user=root');
INSERT INTO ServerHost (id, domain_id, hostname, ip_address, server_host_group_id, vars) VALUES (@id_prefix + 240, @domain_id, '10.243.0.86', '10.243.0.86', (@id_prefix + 33), 'ansible_user=root');
INSERT INTO ServerHost (id, domain_id, hostname, ip_address, server_host_group_id, vars) VALUES (@id_prefix + 241, @domain_id, '10.243.0.48', '10.243.0.48', (@id_prefix + 33), 'ansible_user=root');
INSERT INTO ServerHost (id, domain_id, hostname, ip_address, server_host_group_id, vars) VALUES (@id_prefix + 242, @domain_id, '10.243.1.117', '10.243.1.117', (@id_prefix + 33), 'ansible_user=root monitorAccountEmail='''' selfHostName=''portal.ca.fortigate.forticloud.com'' isPremiumPortal=true paidportal_base_domain=ui.premium.fortigate.forticloud.com portalClusterNodeCenterId="{0,1,2,3,4,5,6,7,8,9,10,11,12,13,14,15}" portalClusterNodeLeft= portalClusterNodeLeftId="{1,2,3,4,5,6,7,8,9,10,11,12,13,14,15,0}" portalClusterNodeRight= portalClusterNodeRightId="{2,3,4,5,6,7,8,9,10,11,12,13,14,15,1,0}"');
INSERT INTO ServerHost (id, domain_id, hostname, ip_address, server_host_group_id, vars) VALUES (@id_prefix + 243, @domain_id, '10.243.1.217', '10.243.1.217', (@id_prefix + 33), 'ansible_user=root monitorAccountEmail='''' selfHostName=''portal.ca.fortigate.forticloud.com'' isPremiumPortal=true paidportal_base_domain=ui.premium.fortigate.forticloud.com portalClusterNodeCenterId="{0,1,2,3,4,5,6,7,8,9,10,11,12,13,14,15}" portalClusterNodeLeft= portalClusterNodeLeftId="{1,2,3,4,5,6,7,8,9,10,11,12,13,14,15,0}" portalClusterNodeRight= portalClusterNodeRightId="{2,3,4,5,6,7,8,9,10,11,12,13,14,15,1,0}"');
INSERT INTO ServerHost (id, domain_id, hostname, ip_address, server_host_group_id, vars) VALUES (@id_prefix + 244, @domain_id, '10.243.1.110', '10.243.1.110', (@id_prefix + 33), 'ansible_user=root monitorAccountEmail='''' selfHostName=''portal.ca.fortigate.forticloud.com'' isPremiumPortal=true paidportal_base_domain=ui.premium.fortigate.forticloud.com portalClusterNodeCenterId="{0,1,2,3,4,5,6,7,8,9,10,11,12,13,14,15}" portalClusterNodeLeft= portalClusterNodeLeftId="{1,2,3,4,5,6,7,8,9,10,11,12,13,14,15,0}" portalClusterNodeRight= portalClusterNodeRightId="{2,3,4,5,6,7,8,9,10,11,12,13,14,15,1,0}"');
INSERT INTO ServerHost (id, domain_id, hostname, ip_address, server_host_group_id, vars) VALUES (@id_prefix + 245, @domain_id, '0.0.0.0', '0.0.0.0', (@id_prefix + 33), 'ansible_user=root');
INSERT INTO Service (id, domain_id, name, service_type, docker, service_package_name, service_config_file, service_deploy_dir, status_port, management_endpoint) VALUES ((@id_prefix + 1), @domain_id, 'logserver', 'capp', 1, 'build_LogServer.tgz', '[logserver.conf,fortiViewFeatures]', '/opt/fortinet/fams/bin', 9999, '443/management');
INSERT INTO Service (id, domain_id, name, service_type, docker, service_package_name, service_config_file, service_deploy_dir, status_port, management_endpoint) VALUES ((@id_prefix + 2), @domain_id, 'suspiciousd', 'pythonapp', 1, 'build_SuspiciousInspection.tgz', 'suspiciousd.conf', '/opt/fortinet/fams/bin/', 8080, '443/management');
INSERT INTO Service (id, domain_id, name, service_type, docker, service_package_name, service_config_file, service_deploy_dir, status_port, management_endpoint) VALUES ((@id_prefix + 3), @domain_id, 'dbstore', 'capp', 1, 'build_DBStore.tgz', 'dbstore.conf', '/opt/fortinet/fams/bin', 8080, '443/management');
INSERT INTO Service (id, domain_id, name, service_type, docker, service_package_name, service_config_file, service_deploy_dir, status_port, management_endpoint) VALUES ((@id_prefix + 4), @domain_id, 'famsbackupd', 'capp', 1, 'build_BackupRestore.tgz', '[famsbackupd.conf,famsrestore.conf]', '/opt/fortinet/fams/bin', 8080, '443/management');
INSERT INTO Service (id, domain_id, name, service_type, docker, service_package_name, service_config_file, service_deploy_dir, status_port, management_endpoint) VALUES ((@id_prefix + 5), @domain_id, 'slavebackupd', 'capp', 1, 'build_BackupRestore.tgz', 'slavebackupd.conf', '/opt/fortinet/fams/bin', 8080, '443/management');
INSERT INTO Service (id, domain_id, name, service_type, docker, service_package_name, service_config_file, service_deploy_dir, status_port, management_endpoint) VALUES ((@id_prefix + 6), @domain_id, 'alterserver', 'capp', 1, 'build_AlterServer.tgz', 'alterserver.conf', '/opt/fortinet/fams/bin', 9999, '443/management');
INSERT INTO Service (id, domain_id, name, service_type, docker, service_package_name, service_config_file, service_deploy_dir, status_port, management_endpoint) VALUES ((@id_prefix + 7), @domain_id, 'report', 'standalone', 1, 'fams-report-standalone.zip', '[report.conf,report_metric.yml]', '/opt/fortinet/fams/report', 9032, '443/management');
INSERT INTO Service (id, domain_id, name, service_type, docker, service_package_name, service_config_file, service_deploy_dir, status_port, management_endpoint) VALUES ((@id_prefix + 8), @domain_id, 'alert', 'standalone', 1, 'fams-alert-standalone.zip', 'alert.conf', '/opt/fortinet/fams/alert', 10032, '443/management');
INSERT INTO Service (id, domain_id, name, service_type, docker, service_package_name, service_config_file, service_deploy_dir, status_port, management_endpoint) VALUES ((@id_prefix + 9), @domain_id, 'fortiview', 'standalone', 1, 'fortiview.zip', 'fortiview.conf', '/opt/fortinet/fams/fortiview', 6032, '443/management');
INSERT INTO Service (id, domain_id, name, service_type, docker, service_package_name, service_config_file, service_deploy_dir, status_port, management_endpoint) VALUES ((@id_prefix + 10), @domain_id, 'fortiloginmgr', 'webapp', 1, 'fortiloginmgr.tar.gz', 'loginmgr.conf', '/usr/local/tomcat/fams', 10008, '443/management');
INSERT INTO Service (id, domain_id, name, service_type, docker, service_package_name, service_config_file, service_deploy_dir, status_port, management_endpoint) VALUES ((@id_prefix + 11), @domain_id, 'controller', 'webapp', 1, 'fortilog.tar.gz', 'controller.conf', '/usr/local/tomcat/fams', 10004, '443/management');
INSERT INTO Service (id, domain_id, name, service_type, docker, service_package_name, service_config_file, service_deploy_dir, status_port, management_endpoint) VALUES ((@id_prefix + 12), @domain_id, 'dispatcher', 'webapp', 1, 'fortigate-cloud-dispatcher.tar.gz', 'dispatcher.conf', '/usr/local/tomcat/fams', 10010, '443/management');
INSERT INTO Service (id, domain_id, name, service_type, docker, service_package_name, service_config_file, service_deploy_dir, status_port, management_endpoint) VALUES ((@id_prefix + 13), @domain_id, 'logfetcher', 'standalone', 1, 'logfetcher.zip', 'logfetcher.conf', '/opt/fortinet/fams/logfetcher', 7030, '443/management');
INSERT INTO Service (id, domain_id, name, service_type, docker, service_package_name, service_config_file, service_deploy_dir, status_port, management_endpoint) VALUES ((@id_prefix + 14), @domain_id, 'auditlog', 'goapp', 1, 'None', 'auditlog.yaml', 'None', 8080, '443/management');
INSERT INTO Service (id, domain_id, name, service_type, docker, service_package_name, service_config_file, service_deploy_dir, status_port, management_endpoint) VALUES ((@id_prefix + 15), @domain_id, 'deploystatusmgr', 'goapp', 1, 'build_DeployStatusMgr.tgz', 'deploystatusmgr.conf', 'None', 8080, '443/management');
INSERT INTO Service (id, domain_id, name, service_type, docker, service_package_name, service_config_file, service_deploy_dir, status_port, management_endpoint) VALUES ((@id_prefix + 16), @domain_id, 'accountmgr', 'standalone', 1, 'accountmgr.tar.gz', 'accountmgr.conf', '/opt/fortinet/fams/accountmgr', 7443, '443/management');
INSERT INTO Service (id, domain_id, name, service_type, docker, service_package_name, service_config_file, service_deploy_dir, status_port, management_endpoint) VALUES ((@id_prefix + 17), @domain_id, 'newui', 'tar', 0, 'newui.tgz', 'env.js', '/data/fcld/newui', 8080, '443/management');
INSERT INTO Service (id, domain_id, name, service_type, docker, service_package_name, service_config_file, service_deploy_dir, status_port, management_endpoint) VALUES ((@id_prefix + 18), @domain_id, 'ui', 'tar', 0, 'ui.tgz', 'env-ui.js', '/data/fcld/ui', 8080, '443/management');
INSERT INTO Service (id, domain_id, name, service_type, docker, service_package_name, service_config_file, service_deploy_dir, status_port, management_endpoint) VALUES ((@id_prefix + 19), @domain_id, 'envoy', 'standalone', 1, 'None', '[envoy.yaml,envoy.conf]', 'None', NULL, 'None');
INSERT INTO Service (id, domain_id, name, service_type, docker, service_package_name, service_config_file, service_deploy_dir, status_port, management_endpoint) VALUES ((@id_prefix + 20), @domain_id, 'fosui', 'tar', 0, 'fosui.zip', 'None', '/data/fcld/fortigate', NULL, 'None');
INSERT INTO Service (id, domain_id, name, service_type, docker, service_package_name, service_config_file, service_deploy_dir, status_port, management_endpoint) VALUES ((@id_prefix + 21), @domain_id, 'fvctunnel', 'capp', 1, 'build_fvctunnel.tgz', 'fvctunnel.conf', '/opt/fortinet/fams/bin', 8080, '443/management');
INSERT INTO Service (id, domain_id, name, service_type, docker, service_package_name, service_config_file, service_deploy_dir, status_port, management_endpoint) VALUES ((@id_prefix + 22), @domain_id, 'fabricmonitor', 'goapp', 1, 'build_fabricMonitor.tgz', 'fabricmonitor.conf', '/opt/fortinet/forticloud/bin', 8080, '443/management');
INSERT INTO Service (id, domain_id, name, service_type, docker, service_package_name, service_config_file, service_deploy_dir, status_port, management_endpoint) VALUES ((@id_prefix + 23), @domain_id, 'managerproxy', 'webapp', 1, 'remoteaccess.tar.gz', 'managerproxy.conf', '/usr/local/tomcat/fams', 10011, '443/management');
INSERT INTO Service (id, domain_id, name, service_type, docker, service_package_name, service_config_file, service_deploy_dir, status_port, management_endpoint) VALUES ((@id_prefix + 24), @domain_id, 'manager', 'webapp', 1, 'fortilog.tar.gz', 'manager.conf', '/usr/local/tomcat/fams', 10006, '443/management');
INSERT INTO Service (id, domain_id, name, service_type, docker, service_package_name, service_config_file, service_deploy_dir, status_port, management_endpoint) VALUES ((@id_prefix + 25), @domain_id, 'configportal', 'webapp', 1, 'fortilog.tar.gz', '[configportal.conf,configportal.web.xml,configportal_metric.yml]', '/usr/local/tomcat/fams', 10003, '443/management');
INSERT INTO Service (id, domain_id, name, service_type, docker, service_package_name, service_config_file, service_deploy_dir, status_port, management_endpoint) VALUES ((@id_prefix + 26), @domain_id, 'cfgserver', 'capp', 1, 'build_CfgServer.tgz', 'cfgserver.conf', '/opt/fortinet/fams/bin', 8080, '443/management');
INSERT INTO Service (id, domain_id, name, service_type, docker, service_package_name, service_config_file, service_deploy_dir, status_port, management_endpoint) VALUES ((@id_prefix + 27), @domain_id, 'cfgtunnel', 'capp', 1, 'build_CfgTunnel.tgz', 'cfgtunnel.conf', '/opt/fortinet/fams/bin', 8080, '443/management');
INSERT INTO Service (id, domain_id, name, service_type, docker, service_package_name, service_config_file, service_deploy_dir, status_port, management_endpoint) VALUES ((@id_prefix + 28), @domain_id, 'portalremoteproxy', 'webapp', 1, 'remoteaccess.tar.gz', 'portalremoteproxy.conf', '/usr/local/tomcat/fams', 10010, '443/management');
INSERT INTO Service (id, domain_id, name, service_type, docker, service_package_name, service_config_file, service_deploy_dir, status_port, management_endpoint) VALUES ((@id_prefix + 29), @domain_id, 'kmsserver', 'goapp', 0, 'build_KmsServer.tgz', 'kmsserver.conf', '/opt/fortinet/forticloud/bin', 8080, '443/management');
INSERT INTO Service (id, domain_id, name, service_type, docker, service_package_name, service_config_file, service_deploy_dir, status_port, management_endpoint) VALUES ((@id_prefix + 30), @domain_id, 'fileserver', 'goapp', 1, 'build_FileServer.tgz', 'fileserver.conf', '/opt/fortinet/forticloud/bin', 8080, '443/management');
INSERT INTO Service (id, domain_id, name, service_type, docker, service_package_name, service_config_file, service_deploy_dir, status_port, management_endpoint) VALUES ((@id_prefix + 31), @domain_id, 'emailserver', 'goapp', 1, 'build_EmailServer.tgz', 'emailserver.conf', '/opt/fortinet/forticloud/bin', 9010, '443/management');
INSERT INTO Service (id, domain_id, name, service_type, docker, service_package_name, service_config_file, service_deploy_dir, status_port, management_endpoint) VALUES ((@id_prefix + 32), @domain_id, 'controlleradmin', 'webapp', 1, 'fortigate-cloud-portal-controller.tar.gz', '[controlleradmin.conf,controlleradmin_metric.yml]', '/usr/local/tomcat/fams', 10009, '443/management');
INSERT INTO Service (id, domain_id, name, service_type, docker, service_package_name, service_config_file, service_deploy_dir, status_port, management_endpoint) VALUES ((@id_prefix + 33), @domain_id, 'dispatcheradmin', 'webapp', 1, 'fortilog.tar.gz', '[dispatcheradmin.conf,dispatcheradmin_metric.yml]', '/usr/local/tomcat/fams', 10005, '443/management');
INSERT INTO Service (id, domain_id, name, service_type, docker, service_package_name, service_config_file, service_deploy_dir, status_port, management_endpoint) VALUES ((@id_prefix + 34), @domain_id, 'syntaxclient', 'goapp', 1, 'build_SyntaxClient.tgz', 'syntaxclient.conf', '/opt/fortinet/forticloud/bin', 8080, '443/management');
INSERT INTO Service (id, domain_id, name, service_type, docker, service_package_name, service_config_file, service_deploy_dir, status_port, management_endpoint) VALUES ((@id_prefix + 35), @domain_id, 'syntaxcontroller', 'goapp', 1, 'build_SyntaxController.tgz', 'syntaxcontroller.conf', '/opt/fortinet/forticloud/bin', 8080, '443/management');
INSERT INTO Service (id, domain_id, name, service_type, docker, service_package_name, service_config_file, service_deploy_dir, status_port, management_endpoint) VALUES ((@id_prefix + 36), @domain_id, 'syntaxinfosite', 'goapp', 1, 'build_SyntaxInfoSite.tgz', 'syntaxinfosite.conf', '/opt/fortinet/forticloud/bin', 8080, '443/management');
INSERT INTO Service (id, domain_id, name, service_type, docker, service_package_name, service_config_file, service_deploy_dir, status_port, management_endpoint) VALUES ((@id_prefix + 37), @domain_id, 'mainportal', 'webapp', 1, 'mainportal.tar.gz', 'mainportal.conf', '/usr/local/tomcat/fams', 10007, '443/management');
INSERT INTO Service (id, domain_id, name, service_type, docker, service_package_name, service_config_file, service_deploy_dir, status_port, management_endpoint) VALUES ((@id_prefix + 38), @domain_id, 'cliengine', 'goapp', 1, 'build_CliEngine.tgz', 'cliengine.conf', '/opt/fortinet/forticloud/bin', 8080, '443/management');
INSERT INTO Service (id, domain_id, name, service_type, docker, service_package_name, service_config_file, service_deploy_dir, status_port, management_endpoint) VALUES ((@id_prefix + 39), @domain_id, 'searchengine', 'standalone', 1, 'fortigate-cloud-searching.zip', 'searching.conf', '/opt/fortinet/fams/searching', 8032, '443/management');
INSERT INTO Service (id, domain_id, name, service_type, docker, service_package_name, service_config_file, service_deploy_dir, status_port, management_endpoint) VALUES ((@id_prefix + 40), @domain_id, 'dbstored_jsonrpc', 'capp', 1, 'build_DBStoreAPIServer.tgz', 'dbstored_jsonrpc.conf', '/usr/local/bin/', 8080, '443/management');
INSERT INTO Service (id, domain_id, name, service_type, docker, service_package_name, service_config_file, service_deploy_dir, status_port, management_endpoint) VALUES ((@id_prefix + 41), @domain_id, 'eventalertstorage', 'standalone', 1, 'None', 'eventalertstorage.conf', 'None', 8080, '443/management');
INSERT INTO Service (id, domain_id, name, service_type, docker, service_package_name, service_config_file, service_deploy_dir, status_port, management_endpoint) VALUES ((@id_prefix + 42), @domain_id, 'securityratingengine', 'standalone', 1, 'None', 'securityratingengine.conf', 'None', 8080, '443/management');
INSERT INTO Service (id, domain_id, name, service_type, docker, service_package_name, service_config_file, service_deploy_dir, status_port, management_endpoint) VALUES ((@id_prefix + 43), @domain_id, 'remoteaccessmgr', 'goapp', 1, 'build_RemoteAccessMgr.tgz', 'remoteaccessmgr.conf', '/opt/fortinet/forticloud/bin', 8080, '443/management');
INSERT INTO Service (id, domain_id, name, service_type, docker, service_package_name, service_config_file, service_deploy_dir, status_port, management_endpoint) VALUES ((@id_prefix + 44), @domain_id, 'kmsadapter', 'nodejs', 1, 'fortigate-cloud-kms-adapter.tgz', '[kmsadapter.conf,application.yml]', 'None', 8080, '443/management');
INSERT INTO Service (id, domain_id, name, service_type, docker, service_package_name, service_config_file, service_deploy_dir, status_port, management_endpoint) VALUES ((@id_prefix + 45), @domain_id, 'kafkabroker', '3rd', 1, 'fortigate-cloud-kafka.tgz', 'None', 'None', 8080, '443/management');
INSERT INTO Service (id, domain_id, name, service_type, docker, service_package_name, service_config_file, service_deploy_dir, status_port, management_endpoint) VALUES ((@id_prefix + 46), @domain_id, 'migrationcontroller', 'pythonapp', 1, 'build_MigrationController.tgz', 'migrationcontroller.conf', 'None', 8080, '443/management');
INSERT INTO Service (id, domain_id, name, service_type, docker, service_package_name, service_config_file, service_deploy_dir, status_port, management_endpoint) VALUES ((@id_prefix + 47), @domain_id, 'remoteaccessportal', 'webapp', 1, 'fortigate-cloud-remote-access-portal.tar.gz', 'remoteaccessportal.conf,env.js', '/usr/local/tomcat/fams', 8080, '443/management');
INSERT INTO Service (id, domain_id, name, service_type, docker, service_package_name, service_config_file, service_deploy_dir, status_port, management_endpoint) VALUES ((@id_prefix + 48), @domain_id, 'migrationengine', 'pythonapp', 1, 'build_migrationEngine.tgz', 'mgrtengine.conf', '/opt/fortinet/fams/bin', 8080, '443/management');
INSERT INTO Service (id, domain_id, name, service_type, docker, service_package_name, service_config_file, service_deploy_dir, status_port, management_endpoint) VALUES ((@id_prefix + 49), @domain_id, 'eventsourcing', 'standalone', 1, 'fortigate-cloud-event-sourcing.zip', 'application.properties', '/opt/fortinet/fams/bin', 8080, '443/management');
INSERT INTO Service (id, domain_id, name, service_type, docker, service_package_name, service_config_file, service_deploy_dir, status_port, management_endpoint) VALUES ((@id_prefix + 50), @domain_id, 'adminportal', 'standalone', 1, 'fortigate-cloud-admin-controller.zip', '[adminportal.conf,oncall_list.txt]', '/opt/fortinet/fams/bin', 443, '443/management');
INSERT INTO Service (id, domain_id, name, service_type, docker, service_package_name, service_config_file, service_deploy_dir, status_port, management_endpoint) VALUES ((@id_prefix + 51), @domain_id, 'fortiztp_portal', 'webapp', 1, 'fortiztp-portal.tar.gz', '[fortiztp_portal.conf,fortiztp_portal_metric.yml]', '/usr/local/tomcat/fams', NULL, 'None');
INSERT INTO Service (id, domain_id, name, service_type, docker, service_package_name, service_config_file, service_deploy_dir, status_port, management_endpoint) VALUES ((@id_prefix + 52), @domain_id, 'fortiztp_admin', 'webapp', 1, 'fortiztp-admin.tar.gz', '[fortiztp_admin.conf,fortiztp_admin_metric.yml]', '/usr/local/tomcat/fams', NULL, 'None');
INSERT INTO Service (id, domain_id, name, service_type, docker, service_package_name, service_config_file, service_deploy_dir, status_port, management_endpoint) VALUES ((@id_prefix + 53), @domain_id, 'analytics', 'webapp', 1, 'analytics.tar.gz', 'analytics.conf', '/usr/local/tomcat/fams', NULL, 'None');
INSERT INTO Service (id, domain_id, name, service_type, docker, service_package_name, service_config_file, service_deploy_dir, status_port, management_endpoint) VALUES ((@id_prefix + 54), @domain_id, 'fortielcs_portal', 'webapp', 1, 'fortielcs-portal.tar.gz', '[fortielcs-portal.conf,env.js]', '/usr/local/tomcat/fams', NULL, 'None');
INSERT INTO Service (id, domain_id, name, service_type, docker, service_package_name, service_config_file, service_deploy_dir, status_port, management_endpoint) VALUES ((@id_prefix + 55), @domain_id, 'fortielcs_admin', 'webapp', 1, 'fortielcs-admin.tar.gz', 'fortielcs-admin.conf', '/usr/local/tomcat/fams', NULL, 'None');
INSERT INTO Service (id, domain_id, name, service_type, docker, service_package_name, service_config_file, service_deploy_dir, status_port, management_endpoint) VALUES ((@id_prefix + 56), @domain_id, 'forticareelite_sync', 'standalone', 1, 'forticareelite_sync.tar.gz', 'application.properties', 'None', NULL, 'None');
INSERT INTO Service (id, domain_id, name, service_type, docker, service_package_name, service_config_file, service_deploy_dir, status_port, management_endpoint) VALUES ((@id_prefix + 57), @domain_id, 'forticareelite_report', 'standalone', 1, 'None', 'summaryReport.conf', 'None', NULL, 'None');
INSERT INTO Service (id, domain_id, name, service_type, docker, service_package_name, service_config_file, service_deploy_dir, status_port, management_endpoint) VALUES ((@id_prefix + 58), @domain_id, 'eureka', 'standalone', 1, 'fortigate-cloud-fortideploy-eureka.tar.gz', 'eureka.conf', '/opt/fortinet/fams/eureka', 10002, '443/management');
INSERT INTO Service (id, domain_id, name, service_type, docker, service_package_name, service_config_file, service_deploy_dir, status_port, management_endpoint) VALUES ((@id_prefix + 59), @domain_id, 'fortideploy_api', 'standalone', 1, 'fortigate-cloud-fortideploy-api.tar.gz', '[fortideploy_api.conf,fortideployapi_metric.yml]', '/opt/fortinet/fams/fortideploy_api', 7443, '443/management');
INSERT INTO Service (id, domain_id, name, service_type, docker, service_package_name, service_config_file, service_deploy_dir, status_port, management_endpoint) VALUES ((@id_prefix + 60), @domain_id, 'fortideploy_gateway', 'standalone', 1, 'fortigate-cloud-fortideploy-gateway.tar.gz', 'fortideploy_gateway.conf', '/opt/fortinet/fams/fortideploy_gateway', 10001, '443/management');
INSERT INTO Service (id, domain_id, name, service_type, docker, service_package_name, service_config_file, service_deploy_dir, status_port, management_endpoint) VALUES ((@id_prefix + 61), @domain_id, 'fortideploy', 'capp', 1, 'build_FortiDeploy.tgz', 'fortideploy.conf', '/opt/fortinet/fams/bin', 8080, '443/management');
INSERT INTO Service (id, domain_id, name, service_type, docker, service_package_name, service_config_file, service_deploy_dir, status_port, management_endpoint) VALUES ((@id_prefix + 62), @domain_id, 'elitelogserver', 'capp', 1, 'build_EliteLogServer.tgz', '[elitelogserver.conf,eventHandler.conf]', '/opt/fortinet/fams/bin', 8080, '443/management');
INSERT INTO Service (id, domain_id, name, service_type, docker, service_package_name, service_config_file, service_deploy_dir, status_port, management_endpoint) VALUES ((@id_prefix + 63), @domain_id, 'aptgwsrv', 'capp', 1, 'None', 'aptgwserver.conf', 'None', NULL, 'None');
INSERT INTO Service (id, domain_id, name, service_type, docker, service_package_name, service_config_file, service_deploy_dir, status_port, management_endpoint) VALUES ((@id_prefix + 64), @domain_id, 'aptsrv', 'capp', 1, 'None', 'aptserver.conf', 'None', NULL, 'None');
INSERT INTO Service (id, domain_id, name, service_type, docker, service_package_name, service_config_file, service_deploy_dir, status_port, management_endpoint) VALUES ((@id_prefix + 65), @domain_id, 'aptapisrv', 'capp', 1, 'None', 'app.yaml', 'None', NULL, 'None');
INSERT INTO Service (id, domain_id, name, service_type, docker, service_package_name, service_config_file, service_deploy_dir, status_port, management_endpoint) VALUES ((@id_prefix + 66), @domain_id, 'aptcontroller', 'capp', 1, 'None', 'aptgwserver.conf', 'None', NULL, 'None');
INSERT INTO Service (id, domain_id, name, service_type, docker, service_package_name, service_config_file, service_deploy_dir, status_port, management_endpoint) VALUES ((@id_prefix + 67), @domain_id, 'aptdatacentermgt', 'capp', 1, 'None', 'aptgwserver.conf', 'None', NULL, 'None');
INSERT INTO Service (id, domain_id, name, service_type, docker, service_package_name, service_config_file, service_deploy_dir, status_port, management_endpoint) VALUES ((@id_prefix + 68), @domain_id, 'haskuworker', 'pythonapp', 1, 'build_HASKUWorker.tgz', 'haskuworker.conf', 'None', 8080, '443/management');
INSERT INTO Service (id, domain_id, name, service_type, docker, service_package_name, service_config_file, service_deploy_dir, status_port, management_endpoint) VALUES ((@id_prefix + 69), @domain_id, 'haskucontroller', 'pythonapp', 1, 'build_HASKUController.tgz', 'haskucontroller.conf', 'None', 8080, '443/management');
INSERT INTO Service (id, domain_id, name, service_type, docker, service_package_name, service_config_file, service_deploy_dir, status_port, management_endpoint) VALUES ((@id_prefix + 70), @domain_id, 'kafka_router', 'standalone', 1, 'None', 'application-kafka_router.properties', 'None', NULL, '443/management');
INSERT INTO Service (id, domain_id, name, service_type, docker, service_package_name, service_config_file, service_deploy_dir, status_port, management_endpoint) VALUES ((@id_prefix + 71), @domain_id, 'combinedportal', 'webapp', 1, 'fortilog.tar.gz', '[combinedportal.conf,combinedportal.web.xml]', '/usr/local/tomcat/fams', 10003, '443/management');
INSERT INTO ServerGroup (id, domain_id, name) VALUES ((@id_prefix + 1), @domain_id, 'hostnameSrv');
INSERT INTO ServerGroup (id, domain_id, name) VALUES ((@id_prefix + 2), @domain_id, 'loginMgr');
INSERT INTO ServerGroupMapping (id, domain_id, server_group_id, server_host_group_id, service_id) VALUES (@id_prefix + 1, @domain_id, (@id_prefix + 2), (@id_prefix + 13), (@id_prefix + 10));
INSERT INTO ServerGroup (id, domain_id, name) VALUES ((@id_prefix + 3), @domain_id, 'portal');
INSERT INTO ServerGroupMapping (id, domain_id, server_group_id, server_host_group_id, service_id) VALUES (@id_prefix + 2, @domain_id, (@id_prefix + 3), (@id_prefix + 4), (@id_prefix + 37));
INSERT INTO ServerGroup (id, domain_id, name) VALUES ((@id_prefix + 4), @domain_id, 'controller');
INSERT INTO ServerGroupMapping (id, domain_id, server_group_id, server_host_group_id, service_id) VALUES (@id_prefix + 3, @domain_id, (@id_prefix + 4), (@id_prefix + 14), (@id_prefix + 11));
INSERT INTO ServerGroupMapping (id, domain_id, server_group_id, server_host_group_id, service_id) VALUES (@id_prefix + 4, @domain_id, (@id_prefix + 4), (@id_prefix + 14), (@id_prefix + 16));
INSERT INTO ServerGroup (id, domain_id, name) VALUES ((@id_prefix + 5), @domain_id, 'dispatcher');
INSERT INTO ServerGroupMapping (id, domain_id, server_group_id, server_host_group_id, service_id) VALUES (@id_prefix + 5, @domain_id, (@id_prefix + 5), (@id_prefix + 2), (@id_prefix + 12));
INSERT INTO ServerGroup (id, domain_id, name) VALUES ((@id_prefix + 6), @domain_id, 'altsrv');
INSERT INTO ServerGroupMapping (id, domain_id, server_group_id, server_host_group_id, service_id) VALUES (@id_prefix + 6, @domain_id, (@id_prefix + 6), (@id_prefix + 21), (@id_prefix + 6));
INSERT INTO ServerGroup (id, domain_id, name) VALUES ((@id_prefix + 7), @domain_id, 'logsrv');
INSERT INTO ServerGroupMapping (id, domain_id, server_group_id, server_host_group_id, service_id) VALUES (@id_prefix + 7, @domain_id, (@id_prefix + 7), (@id_prefix + 33), (@id_prefix + 1));
INSERT INTO ServerGroupMapping (id, domain_id, server_group_id, server_host_group_id, service_id) VALUES (@id_prefix + 8, @domain_id, (@id_prefix + 7), (@id_prefix + 33), (@id_prefix + 4));
INSERT INTO ServerGroupMapping (id, domain_id, server_group_id, server_host_group_id, service_id) VALUES (@id_prefix + 9, @domain_id, (@id_prefix + 7), (@id_prefix + 33), (@id_prefix + 5));
INSERT INTO ServerGroupMapping (id, domain_id, server_group_id, server_host_group_id, service_id) VALUES (@id_prefix + 10, @domain_id, (@id_prefix + 7), (@id_prefix + 33), (@id_prefix + 9));
INSERT INTO ServerGroupMapping (id, domain_id, server_group_id, server_host_group_id, service_id) VALUES (@id_prefix + 11, @domain_id, (@id_prefix + 7), (@id_prefix + 33), (@id_prefix + 13));
INSERT INTO ServerGroupMapping (id, domain_id, server_group_id, server_host_group_id, service_id) VALUES (@id_prefix + 12, @domain_id, (@id_prefix + 7), (@id_prefix + 33), (@id_prefix + 7));
INSERT INTO ServerGroupMapping (id, domain_id, server_group_id, server_host_group_id, service_id) VALUES (@id_prefix + 13, @domain_id, (@id_prefix + 7), (@id_prefix + 33), (@id_prefix + 8));
INSERT INTO ServerGroupMapping (id, domain_id, server_group_id, server_host_group_id, service_id) VALUES (@id_prefix + 14, @domain_id, (@id_prefix + 7), (@id_prefix + 33), (@id_prefix + 39));
INSERT INTO ServerGroupMapping (id, domain_id, server_group_id, server_host_group_id, service_id) VALUES (@id_prefix + 15, @domain_id, (@id_prefix + 7), (@id_prefix + 33), (@id_prefix + 48));
INSERT INTO ServerGroupMapping (id, domain_id, server_group_id, server_host_group_id, service_id) VALUES (@id_prefix + 16, @domain_id, (@id_prefix + 7), (@id_prefix + 33), (@id_prefix + 2));
INSERT INTO ServerGroup (id, domain_id, name) VALUES ((@id_prefix + 8), @domain_id, 'mgrsrv');
INSERT INTO ServerGroupMapping (id, domain_id, server_group_id, server_host_group_id, service_id) VALUES (@id_prefix + 17, @domain_id, (@id_prefix + 8), (@id_prefix + 17), (@id_prefix + 34));
INSERT INTO ServerGroupMapping (id, domain_id, server_group_id, server_host_group_id, service_id) VALUES (@id_prefix + 18, @domain_id, (@id_prefix + 8), (@id_prefix + 17), (@id_prefix + 26));
INSERT INTO ServerGroupMapping (id, domain_id, server_group_id, server_host_group_id, service_id) VALUES (@id_prefix + 19, @domain_id, (@id_prefix + 8), (@id_prefix + 17), (@id_prefix + 27));
INSERT INTO ServerGroupMapping (id, domain_id, server_group_id, server_host_group_id, service_id) VALUES (@id_prefix + 20, @domain_id, (@id_prefix + 8), (@id_prefix + 17), (@id_prefix + 23));
INSERT INTO ServerGroupMapping (id, domain_id, server_group_id, server_host_group_id, service_id) VALUES (@id_prefix + 21, @domain_id, (@id_prefix + 8), (@id_prefix + 17), (@id_prefix + 24));
INSERT INTO ServerGroupMapping (id, domain_id, server_group_id, server_host_group_id, service_id) VALUES (@id_prefix + 22, @domain_id, (@id_prefix + 8), (@id_prefix + 17), (@id_prefix + 25));
INSERT INTO ServerGroupMapping (id, domain_id, server_group_id, server_host_group_id, service_id) VALUES (@id_prefix + 23, @domain_id, (@id_prefix + 8), (@id_prefix + 17), (@id_prefix + 39));
INSERT INTO ServerGroupMapping (id, domain_id, server_group_id, server_host_group_id, service_id) VALUES (@id_prefix + 24, @domain_id, (@id_prefix + 8), (@id_prefix + 17), (@id_prefix + 22));
INSERT INTO ServerGroup (id, domain_id, name) VALUES ((@id_prefix + 9), @domain_id, 'demosrv');
INSERT INTO ServerGroup (id, domain_id, name) VALUES ((@id_prefix + 10), @domain_id, 'fortideploy');
INSERT INTO ServerGroup (id, domain_id, name) VALUES ((@id_prefix + 11), @domain_id, 'sbgateway');
INSERT INTO ServerGroup (id, domain_id, name) VALUES ((@id_prefix + 12), @domain_id, 'fmgateway');
INSERT INTO ServerGroup (id, domain_id, name) VALUES ((@id_prefix + 13), @domain_id, 'emailserver');
INSERT INTO ServerGroupMapping (id, domain_id, server_group_id, server_host_group_id, service_id) VALUES (@id_prefix + 25, @domain_id, (@id_prefix + 13), (@id_prefix + 19), (@id_prefix + 31));
INSERT INTO ServerGroup (id, domain_id, name) VALUES ((@id_prefix + 14), @domain_id, 'fileserver');
INSERT INTO ServerGroup (id, domain_id, name) VALUES ((@id_prefix + 15), @domain_id, 'controlleradmin');
INSERT INTO ServerGroupMapping (id, domain_id, server_group_id, server_host_group_id, service_id) VALUES (@id_prefix + 26, @domain_id, (@id_prefix + 15), (@id_prefix + 15), (@id_prefix + 32));
INSERT INTO ServerGroupMapping (id, domain_id, server_group_id, server_host_group_id, service_id) VALUES (@id_prefix + 27, @domain_id, (@id_prefix + 15), (@id_prefix + 15), (@id_prefix + 46));
INSERT INTO ServerGroup (id, domain_id, name) VALUES ((@id_prefix + 16), @domain_id, 'dispatcheradmin');
INSERT INTO ServerGroupMapping (id, domain_id, server_group_id, server_host_group_id, service_id) VALUES (@id_prefix + 28, @domain_id, (@id_prefix + 16), (@id_prefix + 3), (@id_prefix + 33));
INSERT INTO ServerGroup (id, domain_id, name) VALUES ((@id_prefix + 17), @domain_id, 'syntaxcontroller');
INSERT INTO ServerGroup (id, domain_id, name) VALUES ((@id_prefix + 18), @domain_id, 'syntaxinfosite');
INSERT INTO ServerGroup (id, domain_id, name) VALUES ((@id_prefix + 19), @domain_id, 'portalremoteproxy');
INSERT INTO ServerGroupMapping (id, domain_id, server_group_id, server_host_group_id, service_id) VALUES (@id_prefix + 29, @domain_id, (@id_prefix + 19), (@id_prefix + 6), (@id_prefix + 28));
INSERT INTO ServerGroup (id, domain_id, name) VALUES ((@id_prefix + 20), @domain_id, 'kmsserver');
INSERT INTO ServerGroupMapping (id, domain_id, server_group_id, server_host_group_id, service_id) VALUES (@id_prefix + 30, @domain_id, (@id_prefix + 20), (@id_prefix + 20), (@id_prefix + 29));
INSERT INTO ServerGroup (id, domain_id, name) VALUES ((@id_prefix + 21), @domain_id, 'cliengine');
INSERT INTO ServerGroupMapping (id, domain_id, server_group_id, server_host_group_id, service_id) VALUES (@id_prefix + 31, @domain_id, (@id_prefix + 21), (@id_prefix + 16), (@id_prefix + 34));
INSERT INTO ServerGroupMapping (id, domain_id, server_group_id, server_host_group_id, service_id) VALUES (@id_prefix + 32, @domain_id, (@id_prefix + 21), (@id_prefix + 16), (@id_prefix + 38));
INSERT INTO ServerGroup (id, domain_id, name) VALUES ((@id_prefix + 22), @domain_id, 'eureka');
INSERT INTO ServerGroup (id, domain_id, name) VALUES ((@id_prefix + 23), @domain_id, 'fortideploy_api');
INSERT INTO ServerGroup (id, domain_id, name) VALUES ((@id_prefix + 24), @domain_id, 'fortideploy_gateway');
INSERT INTO ServerGroup (id, domain_id, name) VALUES ((@id_prefix + 25), @domain_id, 'fortiztp_admin');
INSERT INTO ServerGroup (id, domain_id, name) VALUES ((@id_prefix + 26), @domain_id, 'fortiztp_portal');
INSERT INTO ServerGroup (id, domain_id, name) VALUES ((@id_prefix + 27), @domain_id, 'auditlog');
INSERT INTO ServerGroup (id, domain_id, name) VALUES ((@id_prefix + 28), @domain_id, 'deploystatusmgr');
INSERT INTO ServerGroup (id, domain_id, name) VALUES ((@id_prefix + 29), @domain_id, 'vipportal');
INSERT INTO ServerGroupMapping (id, domain_id, server_group_id, server_host_group_id, service_id) VALUES (@id_prefix + 33, @domain_id, (@id_prefix + 29), (@id_prefix + 18), (@id_prefix + 25));
INSERT INTO ServerGroup (id, domain_id, name) VALUES ((@id_prefix + 30), @domain_id, 'fortielcs_portal');
INSERT INTO ServerGroup (id, domain_id, name) VALUES ((@id_prefix + 31), @domain_id, 'fortielcs_admin');
INSERT INTO ServerGroup (id, domain_id, name) VALUES ((@id_prefix + 32), @domain_id, 'envoy');
INSERT INTO ServerGroup (id, domain_id, name) VALUES ((@id_prefix + 33), @domain_id, 'fosui');
INSERT INTO ServerGroupMapping (id, domain_id, server_group_id, server_host_group_id, service_id) VALUES (@id_prefix + 34, @domain_id, (@id_prefix + 33), (@id_prefix + 18), (@id_prefix + 20));
INSERT INTO ServerGroup (id, domain_id, name) VALUES ((@id_prefix + 34), @domain_id, 'fvctunnel');
INSERT INTO ServerGroup (id, domain_id, name) VALUES ((@id_prefix + 35), @domain_id, 'eventalertstorage');
INSERT INTO ServerGroup (id, domain_id, name) VALUES ((@id_prefix + 36), @domain_id, 'kafkahttpscluster');
INSERT INTO ServerGroup (id, domain_id, name) VALUES ((@id_prefix + 37), @domain_id, 'analytics');
INSERT INTO ServerGroup (id, domain_id, name) VALUES ((@id_prefix + 38), @domain_id, 'elitelogsrv');
INSERT INTO ServerGroup (id, domain_id, name) VALUES ((@id_prefix + 39), @domain_id, 'adminportal');
INSERT INTO ServerGroup (id, domain_id, name) VALUES ((@id_prefix + 40), @domain_id, 'haskuworker');
INSERT INTO ServerGroup (id, domain_id, name) VALUES ((@id_prefix + 41), @domain_id, 'haskucontroller');
INSERT INTO ServerGroup (id, domain_id, name) VALUES ((@id_prefix + 42), @domain_id, 'kafkacluster');
INSERT INTO ServerGroup (id, domain_id, name) VALUES ((@id_prefix + 43), @domain_id, 'combinedportal');